# ************************************************************
# Sequel Pro SQL dump
# Version 4096
#
# http://www.sequelpro.com/
# http://code.google.com/p/sequel-pro/
#
# Host: 127.0.0.1 (MySQL 5.5.25)
# Database: fitstew
# Generation Time: 2013-09-12 23:59:53 +0000
# ************************************************************


/*!40101 SET @OLD_CHARACTER_SET_CLIENT=@@CHARACTER_SET_CLIENT */;
/*!40101 SET @OLD_CHARACTER_SET_RESULTS=@@CHARACTER_SET_RESULTS */;
/*!40101 SET @OLD_COLLATION_CONNECTION=@@COLLATION_CONNECTION */;
/*!40101 SET NAMES utf8 */;
/*!40014 SET @OLD_FOREIGN_KEY_CHECKS=@@FOREIGN_KEY_CHECKS, FOREIGN_KEY_CHECKS=0 */;
/*!40101 SET @OLD_SQL_MODE=@@SQL_MODE, SQL_MODE='NO_AUTO_VALUE_ON_ZERO' */;
/*!40111 SET @OLD_SQL_NOTES=@@SQL_NOTES, SQL_NOTES=0 */;


# Dump of table actions
# ------------------------------------------------------------

DROP TABLE IF EXISTS `actions`;

CREATE TABLE `actions` (
  `id` int(10) NOT NULL AUTO_INCREMENT,
  `action` varchar(20) COLLATE utf8_bin NOT NULL DEFAULT '',
  PRIMARY KEY (`id`)
) ENGINE=InnoDB DEFAULT CHARSET=utf8 COLLATE=utf8_bin;

LOCK TABLES `actions` WRITE;
/*!40000 ALTER TABLE `actions` DISABLE KEYS */;

INSERT INTO `actions` (`id`, `action`)
VALUES
	(0,X'636861726765'),
	(1,X'726566756E64'),
	(2,X'726566696C6C436861726765'),
	(3,X'61646A7573746D656E74'),
	(4,X'7061796D656E74');

/*!40000 ALTER TABLE `actions` ENABLE KEYS */;
UNLOCK TABLES;


# Dump of table adminUsers
# ------------------------------------------------------------

DROP TABLE IF EXISTS `adminUsers`;

CREATE TABLE `adminUsers` (
  `id` int(10) NOT NULL AUTO_INCREMENT,
  `userid` int(10) NOT NULL,
  `password` varbinary(50) NOT NULL DEFAULT '',
  `token` varchar(100) COLLATE utf8_bin DEFAULT NULL,
  PRIMARY KEY (`id`),
  KEY `id_userid` (`userid`)
) ENGINE=InnoDB DEFAULT CHARSET=utf8 COLLATE=utf8_bin;

LOCK TABLES `adminUsers` WRITE;
/*!40000 ALTER TABLE `adminUsers` DISABLE KEYS */;

INSERT INTO `adminUsers` (`id`, `userid`, `password`, `token`)
VALUES
	(25,15,X'31646138643630383035626363396532623966316637373232313037333736336266363366383538',X'335638566F72795A634633327368595F5875724F58674B7346593975356B54335A4965444A57377838594445744356567844'),
	(26,16,X'31646138643630383035626363396532623966316637373232313037333736336266363366383538',NULL),
	(27,17,X'31646138643630383035626363396532623966316637373232313037333736336266363366383538',NULL);

/*!40000 ALTER TABLE `adminUsers` ENABLE KEYS */;
UNLOCK TABLES;


# Dump of table balance
# ------------------------------------------------------------

DROP TABLE IF EXISTS `balance`;

CREATE TABLE `balance` (
  `id` int(10) NOT NULL AUTO_INCREMENT,
  `userid` int(10) NOT NULL,
  `automatic` tinyint(1) NOT NULL DEFAULT '0',
  `refillamount` decimal(10,2) NOT NULL DEFAULT '0.00',
  `schedule` int(2) DEFAULT NULL,
  `minamount` decimal(10,2) NOT NULL DEFAULT '0.00',
  `cToken` varchar(50) COLLATE utf8_bin DEFAULT NULL,
  PRIMARY KEY (`id`),
  KEY `id_userid` (`userid`)
) ENGINE=InnoDB DEFAULT CHARSET=utf8 COLLATE=utf8_bin;

LOCK TABLES `balance` WRITE;
/*!40000 ALTER TABLE `balance` DISABLE KEYS */;

INSERT INTO `balance` (`id`, `userid`, `automatic`, `refillamount`, `schedule`, `minamount`, `cToken`)
VALUES
	(2,9,1,50.00,15,0.00,NULL),
	(4,10,0,0.00,15,0.00,NULL),
	(5,11,0,0.00,15,0.00,NULL),
	(6,12,0,0.00,15,0.00,NULL),
	(7,13,0,0.00,15,0.00,NULL),
	(8,14,0,0.00,15,0.00,NULL),
	(9,15,1,100.00,15,0.00,NULL),
	(10,16,0,0.00,15,0.00,NULL),
	(11,17,0,0.00,15,0.00,X'6375735F315642674743496766776C794571'),
	(12,18,1,500.00,1,100.00,X'6375735F31536147416F4445445A6B527671'),
	(13,19,0,0.00,15,0.00,NULL),
	(14,20,0,0.00,15,0.00,NULL),
	(15,21,0,0.00,15,0.00,NULL),
	(16,22,0,0.00,15,0.00,NULL),
	(17,23,0,0.00,15,0.00,NULL),
	(18,24,0,0.00,15,0.00,NULL),
	(19,25,0,0.00,15,0.00,NULL),
	(20,26,0,0.00,15,0.00,NULL),
	(21,27,0,0.00,15,0.00,NULL),
	(22,28,1,300.00,15,100.00,X'276375735F313453666D7367514A3268506A6B27'),
	(23,29,0,0.00,0,0.00,NULL),
	(24,30,0,0.00,0,0.00,NULL),
	(25,31,0,0.00,0,0.00,NULL),
	(26,32,0,0.00,0,0.00,NULL),
	(27,33,0,0.00,0,0.00,NULL),
	(28,34,0,0.00,0,0.00,NULL),
	(29,35,0,0.00,0,0.00,NULL),
	(30,36,0,0.00,0,0.00,NULL),
	(31,37,0,20.00,1,0.00,NULL),
	(32,38,0,0.00,0,0.00,NULL),
	(33,39,0,0.00,0,0.00,NULL),
	(34,40,0,0.00,NULL,0.00,NULL),
	(35,41,0,0.00,NULL,0.00,NULL),
	(36,42,0,0.00,NULL,0.00,NULL),
	(37,43,0,0.00,NULL,0.00,NULL),
	(38,44,0,0.00,NULL,0.00,NULL),
	(39,45,0,0.00,NULL,0.00,X'6375735F3156435075615656365549314F37'),
	(40,46,0,0.00,NULL,0.00,X'6375735F31594E706E5536316C53654D4653'),
	(41,47,0,0.00,NULL,0.00,NULL),
	(42,48,0,0.00,NULL,0.00,NULL);

/*!40000 ALTER TABLE `balance` ENABLE KEYS */;
UNLOCK TABLES;


# Dump of table checkin
# ------------------------------------------------------------

DROP TABLE IF EXISTS `checkin`;

CREATE TABLE `checkin` (
  `id` bigint(20) NOT NULL AUTO_INCREMENT,
  `userid` int(10) NOT NULL,
  `gymid` int(10) NOT NULL,
  `datetime` datetime NOT NULL,
  `scheduleid` int(10) NOT NULL,
  `sclassid` int(10) NOT NULL,
  PRIMARY KEY (`id`),
  UNIQUE KEY `idx_scheduleid_userid` (`scheduleid`,`userid`),
  KEY `id_userid` (`userid`),
  KEY `id_gymid` (`gymid`)
) ENGINE=InnoDB DEFAULT CHARSET=utf8 COLLATE=utf8_bin;

LOCK TABLES `checkin` WRITE;
/*!40000 ALTER TABLE `checkin` DISABLE KEYS */;

INSERT INTO `checkin` (`id`, `userid`, `gymid`, `datetime`, `scheduleid`, `sclassid`)
VALUES
	(270,15,22,'2012-12-06 17:34:22',102,10);

/*!40000 ALTER TABLE `checkin` ENABLE KEYS */;
UNLOCK TABLES;


# Dump of table classes
# ------------------------------------------------------------

DROP TABLE IF EXISTS `classes`;

CREATE TABLE `classes` (
  `id` int(10) NOT NULL AUTO_INCREMENT,
  `gymid` int(10) NOT NULL,
  `service` varchar(50) CHARACTER SET utf8 NOT NULL,
  `price` decimal(10,2) NOT NULL,
  `active` tinyint(1) NOT NULL DEFAULT '1',
  `daypass` tinyint(1) NOT NULL DEFAULT '0',
  `spots` int(3) NOT NULL DEFAULT '100',
  `featured` tinyint(4) NOT NULL DEFAULT '0',
  `duration` int(3) NOT NULL,
  `instructor` varchar(50) COLLATE utf8_bin NOT NULL DEFAULT '',
  `image` varchar(30) COLLATE utf8_bin NOT NULL DEFAULT 'misc.png',
  `desc` varchar(255) COLLATE utf8_bin DEFAULT NULL,
  `color` varchar(7) COLLATE utf8_bin NOT NULL DEFAULT '',
  PRIMARY KEY (`id`),
  KEY `id_gymid` (`gymid`),
  KEY `active` (`active`)
) ENGINE=InnoDB DEFAULT CHARSET=utf8 COLLATE=utf8_bin;

LOCK TABLES `classes` WRITE;
/*!40000 ALTER TABLE `classes` DISABLE KEYS */;

INSERT INTO `classes` (`id`, `gymid`, `service`, `price`, `active`, `daypass`, `spots`, `featured`, `duration`, `instructor`, `image`, `desc`, `color`)
VALUES
	(88,30,'Krav Maga',12.00,1,0,100,0,60,X'44616E69656C',X'6B61726174652E706E67',X'4B726176206D61676120636C617373',X''),
	(101,22,'yoga',30.00,1,0,30,0,20,X'',X'796F67612E706E67',X'596F676120436C617373',X''),
	(102,22,'Karate',10.00,1,0,30,0,60,X'',X'6B61726174652E706E67',X'546865204B617261746520636C617373206F66207468652063656E74757279',X''),
	(116,22,'Test Time',30.00,1,0,30,0,30,X'',X'6D6973632E706E67',X'74657374696E67',X''),
	(117,22,'Power spin',2.00,1,0,1,0,35,X'',X'6D6973632E706E67',X'5370696E20747265766F7273206D6F6D212121',X''),
	(118,31,'Express Fitness',5.00,1,0,20,0,45,X'',X'6B61726174652E706E67',X'4120717569636B20776F726B6F75742074686174206275726E732061206C6F74206F662063616C6F72696573',X''),
	(119,31,'Cross Training',7.50,1,0,15,0,60,X'4A696D204265616E73',X'6B69636B626F78696E672E706E67',X'43726F737320747261696E696E6720636C617373',X''),
	(120,31,'Bodyworks',5.00,1,0,8,0,60,X'',X'796F67612E706E67',X'576F726B6F757420666F7220796F757220656E7469726520636F7265',X''),
	(121,32,'Pure Cycling',10.00,1,0,10,0,45,X'54657473696E67',X'74726561646D696C6C2E706E67',X'5370696E20636C617373',X''),
	(122,32,'Pure Pilates',7.00,1,0,15,0,30,X'416D626572',X'70696C617465732E706E67',X'46616E7461737469632050696C6174657320436C617373',X''),
	(123,33,'Power Yoga',21.00,1,0,5,0,60,X'',X'6D6973632E706E67',X'',X''),
	(124,33,'Heated Power Yoga',16.00,1,0,5,0,60,X'',X'796F67612E706E67',X'48656174656420796F676120636C617373',X'');

/*!40000 ALTER TABLE `classes` ENABLE KEYS */;
UNLOCK TABLES;


# Dump of table classTimes
# ------------------------------------------------------------

DROP TABLE IF EXISTS `classTimes`;

CREATE TABLE `classTimes` (
  `id` int(10) NOT NULL AUTO_INCREMENT,
  `classid` int(10) NOT NULL,
  `gymid` int(10) NOT NULL,
  `weekday` varchar(12) COLLATE utf8_bin NOT NULL DEFAULT '',
  `time` varchar(12) COLLATE utf8_bin NOT NULL DEFAULT '',
  PRIMARY KEY (`id`),
  UNIQUE KEY `idx_classid_weekday_time` (`classid`,`weekday`,`time`),
  KEY `id_classid` (`classid`),
  KEY `id_gymid` (`gymid`)
) ENGINE=InnoDB DEFAULT CHARSET=utf8 COLLATE=utf8_bin;

LOCK TABLES `classTimes` WRITE;
/*!40000 ALTER TABLE `classTimes` DISABLE KEYS */;

INSERT INTO `classTimes` (`id`, `classid`, `gymid`, `weekday`, `time`)
VALUES
	(1,21,22,X'4D6F6E646179',X'31323A3030'),
	(2,21,22,X'4D6F6E646179',X'31343A3030'),
	(3,21,22,X'54756573646179',X'31323A3030'),
	(4,23,30,X'5765646E6573646179',X'31383A3030'),
	(5,88,30,X'4D6F6E646179',X'31383A3030'),
	(6,21,22,X'5765646E6573646179',X'31363A3030'),
	(7,21,22,X'5468757273646179',X'31363A3030'),
	(8,21,22,X'467269646179',X'31363A3030'),
	(9,21,22,X'467269646179',X'31383A3030'),
	(10,90,22,X'4D6F6E646179',X'30313A3030'),
	(12,90,22,X'5765646E6573646179',X'30313A3030'),
	(13,91,22,X'4D6F6E646179',X'30313A3030'),
	(14,91,22,X'4D6F6E646179',X'30323A3030'),
	(15,91,22,X'5765646E6573646179',X'30313A3030'),
	(40,92,22,X'4D6F6E646179',X'30313A3030'),
	(47,96,22,X'4D6F6E646179',X'30343A3030'),
	(48,96,22,X'4D6F6E646179',X'30373A3030'),
	(95,97,22,X'4D6F6E646179',X'31303A3030'),
	(101,86,22,X'53756E646179',X'31303A3030'),
	(102,1,22,X'4D6F6E646179',X'30313A3030'),
	(103,1,22,X'4D6F6E646179',X'30333A3030'),
	(104,1,22,X'4D6F6E646179',X'30343A3030'),
	(105,1,22,X'4D6F6E646179',X'30373A3030'),
	(106,1,22,X'53756E646179',X'30313A3030'),
	(117,103,22,X'4D6F6E646179',X'30323A3030'),
	(118,104,22,X'4D6F6E646179',X'30343A3030'),
	(120,106,22,X'4D6F6E646179',X'31313A3030'),
	(121,107,22,X'4D6F6E646179',X'30373A3030'),
	(122,108,22,X'4D6F6E646179',X'31303A3030'),
	(123,109,22,X'4D6F6E646179',X'31303A3030'),
	(124,105,22,X'4D6F6E646179',X'31313A3030'),
	(125,116,22,X'4D6F6E646179',X'32333A3030'),
	(134,102,22,X'4D6F6E646179',X'31303A3030'),
	(135,102,22,X'4D6F6E646179',X'31313A3030'),
	(136,102,22,X'54756573646179',X'31353A3030'),
	(137,102,22,X'5765646E6573646179',X'31353A3030'),
	(138,102,22,X'5468757273646179',X'31353A3030'),
	(139,102,22,X'467269646179',X'31353A3030'),
	(140,102,22,X'5361747572646179',X'31353A3030'),
	(141,102,22,X'53756E646179',X'30333A3030'),
	(148,117,22,X'4D6F6E646179',X'30363A3030'),
	(149,117,22,X'4D6F6E646179',X'30373A3030'),
	(150,117,22,X'54756573646179',X'30363A3030'),
	(155,118,31,X'4D6F6E646179',X'32323A3030'),
	(156,118,31,X'54756573646179',X'32323A3030'),
	(157,118,31,X'5765646E6573646179',X'32323A3030'),
	(158,118,31,X'5468757273646179',X'32323A3030'),
	(159,118,31,X'467269646179',X'32323A3030'),
	(165,120,31,X'4D6F6E646179',X'32333A3435'),
	(166,120,31,X'54756573646179',X'32333A3435'),
	(167,120,31,X'5468757273646179',X'32333A3435'),
	(168,120,31,X'467269646179',X'32333A3435'),
	(174,119,31,X'4D6F6E646179',X'32323A3330'),
	(175,119,31,X'54756573646179',X'32323A3330'),
	(176,119,31,X'5765646E6573646179',X'32323A3330'),
	(177,119,31,X'5468757273646179',X'32323A3330'),
	(178,119,31,X'467269646179',X'32323A3330'),
	(228,123,33,X'4D6F6E646179',X'31343A3030'),
	(229,123,33,X'5468757273646179',X'31343A3030'),
	(233,101,22,X'54756573646179',X'30383A3030'),
	(234,101,22,X'467269646179',X'30343A3030'),
	(235,101,22,X'53756E646179',X'31313A3030'),
	(236,121,32,X'4D6F6E646179',X'31313A3030'),
	(237,121,32,X'5765646E6573646179',X'31313A3030'),
	(238,121,32,X'467269646179',X'31313A3030'),
	(239,122,32,X'4D6F6E646179',X'32323A3030'),
	(240,122,32,X'54756573646179',X'32323A3030'),
	(241,122,32,X'5765646E6573646179',X'32323A3030'),
	(242,122,32,X'5468757273646179',X'32323A3030'),
	(243,122,32,X'467269646179',X'32323A3030'),
	(244,122,32,X'5361747572646179',X'32323A3030'),
	(245,124,33,X'4D6F6E646179',X'31323A3030'),
	(246,124,33,X'54756573646179',X'32313A3030'),
	(247,124,33,X'5468757273646179',X'31323A3030'),
	(248,124,33,X'467269646179',X'32303A3030'),
	(249,125,33,X'4D6F6E646179',X'31353A3030'),
	(250,125,33,X'5765646E6573646179',X'31353A3030'),
	(251,125,33,X'467269646179',X'31353A3030');

/*!40000 ALTER TABLE `classTimes` ENABLE KEYS */;
UNLOCK TABLES;


# Dump of table disbursement
# ------------------------------------------------------------

DROP TABLE IF EXISTS `disbursement`;

CREATE TABLE `disbursement` (
  `id` int(10) NOT NULL AUTO_INCREMENT,
  `gymid` int(10) NOT NULL,
  `paymenttype` int(10) DEFAULT NULL,
  `paylimit` decimal(10,2) NOT NULL,
  `type` int(11) NOT NULL,
  PRIMARY KEY (`id`),
  KEY `id_gymid` (`gymid`)
) ENGINE=InnoDB DEFAULT CHARSET=utf8 COLLATE=utf8_bin;

LOCK TABLES `disbursement` WRITE;
/*!40000 ALTER TABLE `disbursement` DISABLE KEYS */;

INSERT INTO `disbursement` (`id`, `gymid`, `paymenttype`, `paylimit`, `type`)
VALUES
	(1,17,1,300.00,0),
	(2,19,1,300.00,0),
	(3,22,1,100.00,1),
	(4,30,1,550.00,0),
	(5,31,1,500.00,0),
	(6,32,1,500.00,0),
	(7,33,1,500.00,0),
	(8,34,1,500.00,0);

/*!40000 ALTER TABLE `disbursement` ENABLE KEYS */;
UNLOCK TABLES;


# Dump of table eventAudit
# ------------------------------------------------------------

DROP TABLE IF EXISTS `eventAudit`;

CREATE TABLE `eventAudit` (
  `id` int(10) NOT NULL AUTO_INCREMENT,
  `gid` int(10) NOT NULL,
  `paid` decimal(10,2) NOT NULL,
  `com` decimal(10,2) NOT NULL,
  `type` int(1) NOT NULL,
  `sid` int(10) NOT NULL,
  PRIMARY KEY (`id`),
  KEY `id_gid` (`gid`)
) ENGINE=InnoDB DEFAULT CHARSET=utf8 COLLATE=utf8_bin;

LOCK TABLES `eventAudit` WRITE;
/*!40000 ALTER TABLE `eventAudit` DISABLE KEYS */;

INSERT INTO `eventAudit` (`id`, `gid`, `paid`, `com`, `type`, `sid`)
VALUES
	(15,22,9.77,0.23,2,498),
	(31,22,11.73,0.27,1,511),
	(38,22,9.77,0.23,1,538),
	(39,22,9.77,0.23,1,541),
	(40,22,9.77,0.23,1,542),
	(41,22,9.77,0.23,1,543),
	(42,22,9.77,0.23,1,544),
	(43,22,9.77,0.23,1,545),
	(44,22,9.77,0.23,1,546),
	(47,22,9.77,0.23,2,489),
	(48,22,9.77,0.23,2,385),
	(49,22,9.77,0.23,2,704),
	(50,22,9.77,0.23,2,661),
	(51,22,4.89,0.11,2,676),
	(52,22,9.77,0.23,2,708),
	(53,22,9.77,0.23,2,607),
	(54,22,9.77,0.23,2,710),
	(55,22,9.77,0.23,2,596),
	(56,22,9.77,0.23,2,714),
	(57,22,9.77,0.23,2,645),
	(58,22,9.77,0.23,2,717),
	(59,22,9.77,0.23,2,718),
	(60,22,9.77,0.23,2,719),
	(61,22,9.77,0.23,2,722),
	(62,22,9.77,0.23,2,724),
	(63,22,9.77,0.23,2,721),
	(64,22,9.77,0.23,2,723),
	(65,22,9.77,0.23,2,728),
	(66,22,9.77,0.23,2,664),
	(67,22,9.77,0.23,2,729),
	(68,22,9.77,0.23,2,731),
	(69,22,9.77,0.23,2,730),
	(70,22,9.77,0.23,2,733),
	(71,22,9.77,0.23,2,737),
	(72,22,9.77,0.23,2,738),
	(73,22,9.77,0.23,2,739),
	(74,22,9.77,0.23,2,740),
	(75,22,9.77,0.23,2,741),
	(76,22,9.77,0.23,2,742),
	(77,22,9.77,0.23,2,743),
	(78,22,9.77,0.23,2,744),
	(79,22,9.77,0.23,2,745),
	(80,22,9.77,0.23,2,748),
	(81,22,9.77,0.23,2,735),
	(82,22,9.77,0.23,2,751),
	(83,22,9.77,0.23,2,753),
	(84,22,9.77,0.23,2,754),
	(85,22,9.77,0.23,2,756),
	(86,22,9.77,0.23,2,757),
	(87,22,9.77,0.23,2,752),
	(88,22,9.77,0.23,2,762),
	(89,22,9.77,0.23,2,761),
	(90,22,9.77,0.23,2,765),
	(91,22,9.77,0.23,2,766),
	(92,22,9.77,0.23,2,767),
	(93,22,9.77,0.23,2,768),
	(94,22,9.77,0.23,2,769),
	(95,22,9.77,0.23,2,755),
	(96,22,9.77,0.23,2,772),
	(97,22,9.77,0.23,2,773),
	(98,22,9.77,0.23,2,774),
	(99,22,9.77,0.23,2,775),
	(100,22,9.77,0.23,2,776),
	(101,22,9.77,0.23,2,777),
	(102,22,9.77,0.23,2,778),
	(103,22,9.77,0.23,2,779),
	(104,22,9.77,0.23,2,780),
	(105,22,9.77,0.23,2,611),
	(106,22,9.77,0.23,2,783),
	(107,22,9.77,0.23,2,784),
	(108,22,9.77,0.23,2,785),
	(109,22,9.77,0.23,2,786),
	(110,22,9.77,0.23,2,782),
	(111,22,9.77,0.23,2,787),
	(112,22,9.77,0.23,2,788),
	(113,22,9.77,0.23,2,790),
	(114,22,9.77,0.23,2,791),
	(115,22,9.77,0.23,2,789),
	(116,22,9.77,0.23,2,736),
	(117,22,7.82,0.18,2,713),
	(118,22,7.82,0.18,2,712),
	(119,22,9.77,0.23,2,793),
	(120,22,9.77,0.23,2,732),
	(121,22,9.77,0.23,2,794),
	(122,22,9.77,0.23,2,781),
	(123,22,9.77,0.23,2,795),
	(124,22,9.77,0.23,2,796),
	(125,22,9.77,0.23,2,797),
	(126,22,9.77,0.23,2,798),
	(127,22,9.77,0.23,2,799),
	(128,22,9.77,0.23,2,800),
	(129,22,9.77,0.23,2,801),
	(130,22,9.77,0.23,2,802),
	(131,22,9.77,0.23,2,706),
	(132,22,9.77,0.23,2,792),
	(133,22,9.77,0.23,2,803),
	(134,22,9.77,0.23,2,808),
	(135,22,9.77,0.23,2,809),
	(136,22,9.77,0.23,2,804),
	(137,22,9.77,0.23,2,810),
	(138,22,9.77,0.23,2,811),
	(139,22,9.77,0.23,2,806),
	(140,22,9.77,0.23,2,815),
	(141,22,9.77,0.23,2,688),
	(142,22,9.77,0.23,2,593),
	(143,22,9.77,0.23,2,693),
	(144,22,9.77,0.23,2,817),
	(145,22,9.77,0.23,2,818),
	(146,22,9.77,0.23,2,816),
	(147,22,9.77,0.23,2,820),
	(148,22,9.77,0.23,2,822),
	(149,22,9.77,0.23,2,821),
	(150,22,9.77,0.23,2,824),
	(151,22,9.77,0.23,2,825),
	(152,22,9.77,0.23,2,828),
	(153,22,9.77,0.23,2,829),
	(154,22,9.77,0.23,2,709),
	(155,22,9.77,0.23,2,831),
	(156,22,9.77,0.23,2,832),
	(157,22,9.77,0.23,2,833),
	(158,22,9.77,0.23,2,834),
	(159,22,9.77,0.23,2,844),
	(160,22,9.77,0.23,2,845),
	(161,22,9.77,0.23,2,847),
	(162,22,9.77,0.23,2,848),
	(163,22,9.77,0.23,2,849),
	(164,22,9.77,0.23,2,850),
	(165,22,29.32,0.68,2,853),
	(166,22,9.77,0.23,2,864),
	(167,22,9.77,0.23,2,863),
	(168,31,7.33,0.17,2,879),
	(169,22,9.77,0.23,2,885),
	(170,31,7.33,0.17,2,881),
	(171,22,11.73,0.27,2,49),
	(172,22,4.89,0.11,2,22);

/*!40000 ALTER TABLE `eventAudit` ENABLE KEYS */;
UNLOCK TABLES;


# Dump of table gBillingAudit
# ------------------------------------------------------------

DROP TABLE IF EXISTS `gBillingAudit`;

CREATE TABLE `gBillingAudit` (
  `id` bigint(20) NOT NULL AUTO_INCREMENT,
  `gid` int(10) NOT NULL,
  `action` int(2) NOT NULL,
  `amount` decimal(10,2) NOT NULL,
  `timestamp` datetime NOT NULL,
  PRIMARY KEY (`id`),
  KEY `id_gid` (`gid`)
) ENGINE=InnoDB DEFAULT CHARSET=utf8 COLLATE=utf8_bin;



# Dump of table gymBilling
# ------------------------------------------------------------

DROP TABLE IF EXISTS `gymBilling`;

CREATE TABLE `gymBilling` (
  `id` int(10) NOT NULL AUTO_INCREMENT,
  `gid` int(10) NOT NULL,
  `balance` decimal(10,2) NOT NULL,
  `zcom` decimal(10,2) NOT NULL,
  PRIMARY KEY (`id`),
  KEY `id_gid` (`gid`)
) ENGINE=InnoDB DEFAULT CHARSET=utf8 COLLATE=utf8_bin;

LOCK TABLES `gymBilling` WRITE;
/*!40000 ALTER TABLE `gymBilling` DISABLE KEYS */;

INSERT INTO `gymBilling` (`id`, `gid`, `balance`, `zcom`)
VALUES
	(1,22,2812.98,2272.30),
	(2,30,0.00,0.00),
	(3,31,40.87,0.96),
	(4,32,45.00,0.00),
	(5,33,20.53,0.47),
	(6,34,0.00,0.00);

/*!40000 ALTER TABLE `gymBilling` ENABLE KEYS */;
UNLOCK TABLES;


# Dump of table gyms
# ------------------------------------------------------------

DROP TABLE IF EXISTS `gyms`;

CREATE TABLE `gyms` (
  `id` int(10) NOT NULL AUTO_INCREMENT,
  `name` varchar(30) CHARACTER SET utf8 COLLATE utf8_unicode_ci NOT NULL DEFAULT '',
  `address` varchar(50) CHARACTER SET utf8 COLLATE utf8_unicode_ci DEFAULT '',
  `city` varchar(25) CHARACTER SET utf8 COLLATE utf8_unicode_ci DEFAULT '',
  `state` varchar(2) CHARACTER SET utf8 COLLATE utf8_unicode_ci DEFAULT '',
  `zipcode` varchar(5) COLLATE utf8_bin DEFAULT '',
  `phone` varchar(15) COLLATE utf8_bin DEFAULT '',
  `featured` tinyint(1) DEFAULT '0',
  `contact` varchar(30) COLLATE utf8_bin DEFAULT NULL,
  `complete` tinyint(1) unsigned DEFAULT '0',
  `email` varchar(50) COLLATE utf8_bin DEFAULT NULL,
  `rate` decimal(10,2) DEFAULT '0.00',
  `enabled` tinyint(1) NOT NULL DEFAULT '0',
  `commission` decimal(10,2) NOT NULL DEFAULT '2.25',
  `image` varchar(150) COLLATE utf8_bin DEFAULT NULL,
  `facebook` varchar(50) COLLATE utf8_bin DEFAULT NULL,
  `twitter` varchar(50) COLLATE utf8_bin DEFAULT NULL,
  `googleplus` varchar(50) COLLATE utf8_bin DEFAULT NULL,
  `url` varchar(200) COLLATE utf8_bin DEFAULT NULL,
  `balance` decimal(10,2) DEFAULT NULL,
  `tz` varchar(25) COLLATE utf8_bin NOT NULL DEFAULT '',
  `lat` double(9,6) NOT NULL,
  `lon` double(9,6) NOT NULL,
  PRIMARY KEY (`id`),
  KEY `id_zipcode` (`zipcode`),
  KEY `id_city` (`city`),
  KEY `id_state` (`state`)
) ENGINE=InnoDB DEFAULT CHARSET=utf8 COLLATE=utf8_bin;

LOCK TABLES `gyms` WRITE;
/*!40000 ALTER TABLE `gyms` DISABLE KEYS */;

INSERT INTO `gyms` (`id`, `name`, `address`, `city`, `state`, `zipcode`, `phone`, `featured`, `contact`, `complete`, `email`, `rate`, `enabled`, `commission`, `image`, `facebook`, `twitter`, `googleplus`, `url`, `balance`, `tz`, `lat`, `lon`)
VALUES
	(1,'golds','1461 Creekside Dr','Walnut Creek','CA',X'3934353936',X'38303534323837373630',0,X'736F6D656F6E65',0,X'74626F7373657274407A756E656669742E636F6D',15.00,0,2.25,NULL,NULL,NULL,NULL,NULL,NULL,X'416D65726963612F4C6F735F416E67656C6573',0.000000,0.000000),
	(2,'24 hour','3451 broad st.','San Luis Obispo','CA',X'3933343031',X'38303534323837373630',0,X'736F6D656F6E65',0,X'74626F7373657274407A756E656669742E636F6D',15.00,0,2.25,NULL,NULL,NULL,NULL,NULL,NULL,X'416D65726963612F4C6F735F416E67656C6573',0.000000,0.000000),
	(17,'Kennedy Fitness','1461 Creekside Dr','Walnut Creek','SA',X'3934353936',X'38303533333239323335',1,X'736F6D656F6E65',0,X'74626F7373657274407A756E656669742E636F6D',15.00,0,2.25,NULL,NULL,NULL,NULL,NULL,NULL,X'416D65726963612F4C6F735F416E67656C6573',0.000000,0.000000),
	(19,'Crunch','3450 Broad St.','San Luis Obispo','CA',X'3933343031',X'38303533333239333835',0,X'736F6D656F6E65',0,X'74626F7373657274407A756E656669742E636F6D',15.00,0,2.25,X'687474703A2F2F31333365626534323237633930613133663164632D38633765633533383465643764356266613234393839376330336232663037632E7237322E6366322E7261636B63646E2E636F6D2F6372756E63682E6A706567',NULL,NULL,NULL,NULL,NULL,X'416D65726963612F4C6F735F416E67656C6573',0.000000,0.000000),
	(20,'undefined','','','',X'',X'',0,X'736F6D656F6E65',0,X'74626F7373657274407A756E656669742E636F6D',15.00,0,2.25,NULL,NULL,NULL,NULL,NULL,NULL,X'416D65726963612F4C6F735F416E67656C6573',0.000000,0.000000),
	(21,'KennedyFitness','','','',X'',X'',0,X'736F6D656F6E65',0,X'74626F7373657274407A756E656669742E636F6D',15.00,0,2.25,NULL,NULL,NULL,NULL,NULL,NULL,X'416D65726963612F4C6F735F416E67656C6573',0.000000,0.000000),
	(22,'Gold\'saaa','1461 Creekside Dr.','Walnut Creek','CA',X'3934353936',X'38303534323837373630',0,X'547265766F7220426F7373657274',1,X'74626F737365727440676F6C64732E636F6D',15.00,0,2.25,X'68747470733A2F2F31333365626534323237633930613133663164632D38633765633533383465643764356266613234393839376330336232663037632E73736C2E6366322E7261636B63646E2E636F6D2F626F78696E675F73636865642E706E67',X'476F6C6473',X'7468657265616C676F6C6473',NULL,NULL,500.00,X'416D65726963612F4C6F735F416E67656C6573',37.880000,-122.050000),
	(24,'undefined',' 3701 County Road 633.','Grawn','MI',X'3439363337',X'38303535363738393431',0,X'547265766F7220426F7373657274',1,X'3139407961686F6F2E636F6D',0.00,0,2.25,X'687474703A2F2F31333365626534323237633930613133663164632D38633765633533383465643764356266613234393839376330336232663037632E7237322E6366322E7261636B63646E2E636F6D2F6372756E63682E6A706567',X'756E646566696E6564',X'756E646566696E6564',X'756E646566696E6564',X'756E646566696E6564',0.00,X'416D65726963612F4C6F735F416E67656C6573',0.000000,0.000000),
	(25,'testgym1','','','',X'',X'',0,NULL,0,NULL,0.00,0,2.25,NULL,NULL,NULL,NULL,NULL,500.00,X'416D65726963612F4C6F735F416E67656C6573',0.000000,0.000000),
	(26,'','105 Seacliff Dr.','Shell Beach','CA',X'3933343439',X'33343536373839313836',0,X'547265766F72',0,X'6170706C65406170706C652E636F6D',0.00,0,2.25,NULL,NULL,NULL,NULL,NULL,0.00,X'416D65726963612F4C6F735F416E67656C6573',0.000000,0.000000),
	(27,'19 Hour Fitness','','','',X'',X'',0,NULL,0,NULL,0.00,0,2.25,NULL,NULL,NULL,NULL,NULL,0.00,X'416D65726963612F4C6F735F416E67656C6573',0.000000,0.000000),
	(28,'19 Hour Fitness','','','',X'',X'',0,NULL,0,NULL,0.00,0,2.25,NULL,NULL,NULL,NULL,NULL,0.00,X'416D65726963612F4C6F735F416E67656C6573',0.000000,0.000000),
	(29,'19 Hour Fitness','305 Downey St.','New York','NY',X'3930303435',X'33343536373839313836',0,X'547265766F72',1,X'6170706C65406170706C652E636F6D',5.00,0,2.25,NULL,NULL,NULL,NULL,NULL,100.00,X'416D65726963612F4C6F735F416E67656C6573',0.000000,0.000000),
	(30,'Texas Self Defense','1011 Gattis School Rd','Round Rock','TX',X'3738363831',X'35313233343835343535',0,X'44616E69656C204A656E73656E',1,X'646A656E73656E40686F6D65617761792E636F6D',15.00,0,2.25,NULL,NULL,NULL,NULL,X'73656C66646566656E736574657861732E636F6D',NULL,X'416D65726963612F41757374696E',0.000000,0.000000),
	(31,'Self Defense Texas','1011 Gattis School Rd','Round Rock','TX',X'3738363634',X'35313632323334373536',0,X'',1,X'64656D6F40666974737465772E636F6D',0.00,1,2.25,X'68747470733A2F2F31333365626534323237633930613133663164632D38633765633533383465643764356266613234393839376330336232663037632E73736C2E6366322E7261636B63646E2E636F6D2F6B7261766D6167616C6F676F2E6A706567',X'',X'',NULL,NULL,0.00,X'',0.000000,0.000000),
	(32,'Pure Austin (Town Lake)','5013 Barlow Dr','Austin','TX',X'3738363831',X'35313233343835343535',0,X'',1,X'64656D6F3140666974737465772E636F6D',10.00,1,2.25,X'68747470733A2F2F31333365626534323237633930613133663164632D38633765633533383465643764356266613234393839376330336232663037632E73736C2E6366322E7261636B63646E2E636F6D2F6C6F676F2E676966',X'',X'',NULL,NULL,0.00,X'',0.000000,0.000000),
	(33,'CorePower Yoga','801 W 5th St','Austin','TX',X'3738373033',X'35313233343835343535',0,X'',1,X'',10.00,1,2.25,X'68747470733A2F2F31333365626534323237633930613133663164632D38633765633533383465643764356266613234393839376330336232663037632E73736C2E6366322E7261636B63646E2E636F6D2F6370792D6C6F676F2E706E67',X'',X'',NULL,NULL,0.00,X'',0.000000,0.000000),
	(34,'Demo3 Gym','','','',X'',X'',0,NULL,1,NULL,10.00,1,2.25,NULL,NULL,NULL,NULL,NULL,0.00,X'',0.000000,0.000000);

/*!40000 ALTER TABLE `gyms` ENABLE KEYS */;
UNLOCK TABLES;


# Dump of table gymTags
# ------------------------------------------------------------

DROP TABLE IF EXISTS `gymTags`;

CREATE TABLE `gymTags` (
  `id` int(10) NOT NULL AUTO_INCREMENT,
  `gymid` int(10) NOT NULL,
  `tag` varchar(25) COLLATE utf8_bin NOT NULL DEFAULT '',
  PRIMARY KEY (`id`),
  UNIQUE KEY `udx_gymid_tag` (`gymid`,`tag`),
  KEY `id_gymid` (`gymid`)
) ENGINE=InnoDB DEFAULT CHARSET=utf8 COLLATE=utf8_bin;

LOCK TABLES `gymTags` WRITE;
/*!40000 ALTER TABLE `gymTags` DISABLE KEYS */;

INSERT INTO `gymTags` (`id`, `gymid`, `tag`)
VALUES
	(88,22,X'4B49636B43'),
	(82,22,X'4B6172617465'),
	(89,22,X'70696C61746573');

/*!40000 ALTER TABLE `gymTags` ENABLE KEYS */;
UNLOCK TABLES;


# Dump of table gymUsers
# ------------------------------------------------------------

DROP TABLE IF EXISTS `gymUsers`;

CREATE TABLE `gymUsers` (
  `id` int(10) NOT NULL AUTO_INCREMENT,
  `gymid` int(10) NOT NULL,
  `token` varchar(100) COLLATE utf8_bin NOT NULL DEFAULT '',
  `username` varchar(35) COLLATE utf8_bin NOT NULL DEFAULT '',
  `password` varbinary(50) NOT NULL,
  `first_name` varchar(25) CHARACTER SET utf8 NOT NULL,
  `last_name` varchar(25) CHARACTER SET utf8 NOT NULL,
  `groupid` int(5) NOT NULL,
  `lastLogin` datetime DEFAULT NULL,
  PRIMARY KEY (`id`),
  UNIQUE KEY `idx_username` (`username`),
  KEY `id_gymid` (`gymid`),
  KEY `id_group` (`groupid`)
) ENGINE=InnoDB DEFAULT CHARSET=utf8 COLLATE=utf8_bin;

LOCK TABLES `gymUsers` WRITE;
/*!40000 ALTER TABLE `gymUsers` DISABLE KEYS */;

INSERT INTO `gymUsers` (`id`, `gymid`, `token`, `username`, `password`, `first_name`, `last_name`, `groupid`, `lastLogin`)
VALUES
	(1,22,X'796E3132422D365F4845666169374F324244737961754770526D6A5A70666933746C424E4B466F314D747759384C355753507334396E37553158336D49425344',X'736C6170',X'31646138643630383035626363396532623966316637373232313037333736336266363366383538','Trevor','Bossert',1,'2013-06-06 21:36:33'),
	(2,22,X'',X'616C616E626F7373',X'64633732346166313866626464346535393138396635666537363861356638333131353237303530','Trevor','Bossert',1,'2013-02-25 21:51:23'),
	(3,24,X'7263334A506151417A38754B2D6F50594B334F654D416E79614B776370307041724F57326B323266526153704D51674E79315673564A39647743394130637445',X'7465737431',X'31646138643630383035626363396532623966316637373232313037333736336266363366383538','undefined','undefined',0,'2013-06-06 03:39:48'),
	(4,22,X'7038586E4D525672384D56466477324E51363569494F5763325F6D5471522D6F63575335495531737052516D634E654A317970414C38495870556E3949794434',X'746573746572',X'64633732346166313866626464346535393138396635666537363861356638333131353237303530','test','tester',1,'2013-06-23 20:29:20'),
	(5,26,X'78417A6671513871356E72417945794B506441444475336142766F6C346A6D3354426F705265426373474B7172356F304F41724A3439726E3644554541412D53',X'756E646566696E6564',X'35666138643630383035626363396532623966316637373232313037333736336266363366383538','Bob','Barker',0,NULL),
	(6,22,X'783738572D7A584B546B63474E4A67564B4778784678736D634561566E4C56724E78504F616D326650674D4568554B6856617770704C2D613557775764696A68',X'6A757374696E47796D',X'31646534306538626136663930646433646230613236663735393662373432333465333061373735','Justin','Bossert',0,'2012-10-17 19:10:35'),
	(7,29,X'316C7A49426557644673583052496C6970426E4D4B73395F33694B496E6C61756C47623865514132766764686866545F3557504A51364C2D424D746835595662',X'4A696D6D79',X'64633732346166313866626464346535393138396635666537363861356638333131353237303530','Jimmy','Buffet',0,NULL),
	(8,30,X'',X'546573746572','','Daniel','Jensen',1,NULL),
	(9,31,X'56645848492D624D7A535F386F5A6C4C324F6330304E5339644278724C744667344E464D6F4F4873544A36754D4972504936344D457443446967344737544141',X'64656D6F40666974737465772E636F6D',X'38396534393565373934316366396534306536393830643134613136626630323363636434633931','','',1,'2013-06-30 01:29:37'),
	(10,32,X'3654307153325639635A766B3869644D7075374D446B786461714F6E666247677674384647636172664E365A584E534171635759657A38745954427A30545A43',X'64656D6F3140666974737465772E636F6D',X'31306637313936316264313164643333633163393563373731623938636630653039643537623763','','',1,'2013-09-04 17:34:27'),
	(11,33,X'67624B3462565366486C694F2D3075704C4C2D5154557778774D6A795775624662472D373562656A622D794C6B4535614D31304A706539654441714130583858',X'64656D6F3240666974737465772E636F6D',X'64623631323737363934666561343162343261386163383263626236373862616163363833393930','','',1,'2013-06-30 01:31:32'),
	(12,34,X'327A4B66326674306E4167385F4C2D355F62496335315346306975355271664D433563554D664638456B4C3936596852567A59527376734C6E41566E316A6546',X'64656D6F3340666974737465772E636F6D',X'39346661623939643663613861626162376432313761663765336335353332363937626631613761','','',1,'2013-06-29 15:41:31');

/*!40000 ALTER TABLE `gymUsers` ENABLE KEYS */;
UNLOCK TABLES;


# Dump of table hours
# ------------------------------------------------------------

DROP TABLE IF EXISTS `hours`;

CREATE TABLE `hours` (
  `id` int(10) NOT NULL AUTO_INCREMENT,
  `gymid` int(10) NOT NULL,
  `mondayOpen` varchar(8) COLLATE utf8_bin NOT NULL,
  `mondayClose` varchar(8) COLLATE utf8_bin NOT NULL,
  `tuesdayOpen` varchar(8) COLLATE utf8_bin NOT NULL,
  `tuesdayClose` varchar(8) COLLATE utf8_bin NOT NULL,
  `wednesdayOpen` varchar(8) COLLATE utf8_bin NOT NULL,
  `wednesdayClose` varchar(8) COLLATE utf8_bin NOT NULL,
  `thursdayOpen` varchar(8) COLLATE utf8_bin NOT NULL,
  `thursdayClose` varchar(8) COLLATE utf8_bin NOT NULL,
  `fridayOpen` varchar(8) COLLATE utf8_bin NOT NULL,
  `fridayClose` varchar(8) COLLATE utf8_bin NOT NULL,
  `saturdayOpen` varchar(8) COLLATE utf8_bin NOT NULL,
  `saturdayClose` varchar(8) COLLATE utf8_bin NOT NULL,
  `sundayOpen` varchar(8) COLLATE utf8_bin NOT NULL,
  `sundayClose` varchar(8) COLLATE utf8_bin NOT NULL,
  PRIMARY KEY (`id`),
  KEY `id_gymid` (`gymid`)
) ENGINE=InnoDB DEFAULT CHARSET=utf8 COLLATE=utf8_bin;

LOCK TABLES `hours` WRITE;
/*!40000 ALTER TABLE `hours` DISABLE KEYS */;

INSERT INTO `hours` (`id`, `gymid`, `mondayOpen`, `mondayClose`, `tuesdayOpen`, `tuesdayClose`, `wednesdayOpen`, `wednesdayClose`, `thursdayOpen`, `thursdayClose`, `fridayOpen`, `fridayClose`, `saturdayOpen`, `saturdayClose`, `sundayOpen`, `sundayClose`)
VALUES
	(1,22,X'363A303020414D',X'393A303020504D',X'363A303020414D',X'393A303020504D',X'363A303020414D',X'393A303020504D',X'363A303020414D',X'393A303020504D',X'30373A303020414D',X'393A303020504D',X'383A303020414D',X'363A303020504D',X'383A303020414D',X'363A303020504D'),
	(2,31,X'363A303020414D',X'393A303020504D',X'363A303020414D',X'393A303020504D',X'363A303020414D',X'393A303020504D',X'363A303020414D',X'393A303020504D',X'363A303020414D',X'393A303020504D',X'383A303020414D',X'363A303020504D',X'383A303020414D',X'363A303020504D'),
	(3,32,X'363A303020414D',X'393A303020504D',X'363A303020414D',X'393A303020504D',X'363A303020414D',X'393A303020504D',X'363A303020414D',X'393A303020504D',X'363A303020414D',X'393A303020504D',X'383A303020414D',X'363A303020504D',X'383A303020414D',X'363A303020504D'),
	(4,33,X'363A303020414D',X'393A303020504D',X'363A303020414D',X'393A303020504D',X'363A303020414D',X'393A303020504D',X'363A303020414D',X'393A303020504D',X'363A303020414D',X'393A303020504D',X'383A303020414D',X'363A303020504D',X'383A303020414D',X'363A303020504D'),
	(5,34,X'363A303020414D',X'393A303020504D',X'363A303020414D',X'393A303020504D',X'363A303020414D',X'393A303020504D',X'363A303020414D',X'393A303020504D',X'363A303020414D',X'393A303020504D',X'383A303020414D',X'363A303020504D',X'383A303020414D',X'363A303020504D');

/*!40000 ALTER TABLE `hours` ENABLE KEYS */;
UNLOCK TABLES;


# Dump of table messages
# ------------------------------------------------------------

DROP TABLE IF EXISTS `messages`;

CREATE TABLE `messages` (
  `id` int(10) NOT NULL AUTO_INCREMENT,
  `message` varchar(50) COLLATE utf8_bin NOT NULL DEFAULT '',
  `timestamp` datetime NOT NULL,
  PRIMARY KEY (`id`)
) ENGINE=InnoDB DEFAULT CHARSET=utf8 COLLATE=utf8_bin;



# Dump of table paymentmethod
# ------------------------------------------------------------

DROP TABLE IF EXISTS `paymentmethod`;

CREATE TABLE `paymentmethod` (
  `id` int(10) NOT NULL AUTO_INCREMENT,
  `type` varchar(20) COLLATE utf8_bin NOT NULL DEFAULT '',
  PRIMARY KEY (`id`)
) ENGINE=InnoDB DEFAULT CHARSET=utf8 COLLATE=utf8_bin;

LOCK TABLES `paymentmethod` WRITE;
/*!40000 ALTER TABLE `paymentmethod` DISABLE KEYS */;

INSERT INTO `paymentmethod` (`id`, `type`)
VALUES
	(1,X'636865636B');

/*!40000 ALTER TABLE `paymentmethod` ENABLE KEYS */;
UNLOCK TABLES;


# Dump of table rewards
# ------------------------------------------------------------

DROP TABLE IF EXISTS `rewards`;

CREATE TABLE `rewards` (
  `id` int(10) NOT NULL AUTO_INCREMENT,
  `userid` int(10) NOT NULL,
  `network` varchar(50) COLLATE utf8_bin NOT NULL DEFAULT '',
  `applied` tinyint(1) NOT NULL DEFAULT '0',
  `timestamp` datetime NOT NULL,
  PRIMARY KEY (`id`),
  UNIQUE KEY `idx_rewards` (`userid`,`network`),
  KEY `id_userid` (`userid`),
  KEY `id_applied` (`applied`)
) ENGINE=InnoDB DEFAULT CHARSET=utf8 COLLATE=utf8_bin;

LOCK TABLES `rewards` WRITE;
/*!40000 ALTER TABLE `rewards` DISABLE KEYS */;

INSERT INTO `rewards` (`id`, `userid`, `network`, `applied`, `timestamp`)
VALUES
	(5,18,X'66616365626F6F6B',1,'2012-10-10 21:58:54'),
	(11,18,X'74776974746572',1,'2012-10-10 23:18:05');

/*!40000 ALTER TABLE `rewards` ENABLE KEYS */;
UNLOCK TABLES;


# Dump of table schedule
# ------------------------------------------------------------

DROP TABLE IF EXISTS `schedule`;

CREATE TABLE `schedule` (
  `id` bigint(20) NOT NULL AUTO_INCREMENT,
  `userid` int(10) NOT NULL,
  `gymid` int(10) NOT NULL,
  `sclassid` int(10) NOT NULL,
  `price` decimal(10,2) NOT NULL,
  `datetime` datetime NOT NULL,
  `created` timestamp NOT NULL DEFAULT CURRENT_TIMESTAMP,
  `checkin` tinyint(1) NOT NULL DEFAULT '0',
  `chkintime` datetime DEFAULT NULL,
  `active` tinyint(1) NOT NULL DEFAULT '1',
  PRIMARY KEY (`id`),
  UNIQUE KEY `idx_userid_classid_datetime` (`userid`,`sclassid`,`datetime`),
  KEY `id_userid` (`userid`),
  KEY `id_gymid` (`gymid`),
  KEY `id_classid` (`sclassid`),
  KEY `id_classid_datetime` (`sclassid`,`datetime`),
  KEY `active` (`active`)
) ENGINE=InnoDB DEFAULT CHARSET=utf8 COLLATE=utf8_bin;

LOCK TABLES `schedule` WRITE;
/*!40000 ALTER TABLE `schedule` DISABLE KEYS */;

INSERT INTO `schedule` (`id`, `userid`, `gymid`, `sclassid`, `price`, `datetime`, `created`, `checkin`, `chkintime`, `active`)
VALUES
	(6,18,22,1,5.00,'2012-12-13 12:00:00','2012-12-18 12:00:00',0,'2013-08-21 10:34:40',1),
	(10,18,22,10,5.00,'2012-12-15 12:00:00','2012-12-18 12:00:00',0,NULL,1),
	(11,15,22,7,5.00,'0000-00-00 00:00:00','2012-12-18 12:00:00',0,NULL,1),
	(15,24,99,99,6.00,'0000-00-00 00:00:00','2012-12-18 12:00:00',0,NULL,1),
	(17,26,22,1,5.00,'0000-00-00 00:00:00','2012-12-18 12:00:00',0,NULL,1),
	(18,26,22,2,5.00,'0000-00-00 00:00:00','2012-12-18 12:00:00',0,NULL,1),
	(19,26,22,7,5.00,'0000-00-00 00:00:00','2012-12-18 12:00:00',0,NULL,1),
	(20,26,22,99,5.00,'0000-00-00 00:00:00','2012-12-18 12:00:00',0,NULL,1),
	(21,28,22,99,5.00,'0000-00-00 00:00:00','2012-12-18 12:00:00',0,NULL,1),
	(23,28,22,2,5.00,'0000-00-00 00:00:00','2012-12-18 12:00:00',0,NULL,1),
	(24,28,22,1,5.00,'0000-00-00 00:00:00','2012-12-18 12:00:00',0,NULL,1),
	(30,18,22,1,8.00,'0000-00-00 00:00:00','2012-12-18 12:00:00',0,NULL,1),
	(32,27,22,2,5.00,'0000-00-00 00:00:00','2012-12-18 12:00:00',0,NULL,1),
	(33,27,22,7,10.00,'0000-00-00 00:00:00','2012-12-18 12:00:00',0,NULL,1),
	(35,17,22,1,8.00,'0000-00-00 00:00:00','2012-12-18 12:00:00',0,NULL,1),
	(39,33,22,2,5.00,'0000-00-00 00:00:00','2012-12-18 12:00:00',0,NULL,1),
	(47,18,22,7,10.00,'0000-00-00 00:00:00','2012-12-18 12:00:00',0,NULL,1),
	(51,28,22,8,12.00,'2012-12-03 14:00:00','2012-12-18 12:00:00',0,NULL,1),
	(53,28,22,10,12.00,'2012-12-01 12:00:00','2012-12-18 12:00:00',0,NULL,1),
	(56,36,22,2,5.00,'0000-00-00 00:00:00','2012-12-18 12:00:00',0,NULL,1),
	(61,28,22,10,12.00,'0000-00-00 00:00:00','2012-12-18 12:00:00',0,NULL,1),
	(64,28,22,8,12.00,'0000-00-00 00:00:00','2012-12-18 12:00:00',0,NULL,1),
	(66,36,22,10,12.00,'0000-00-00 00:00:00','2012-12-18 12:00:00',0,NULL,1),
	(67,36,22,9,12.00,'0000-00-00 00:00:00','2012-12-18 12:00:00',0,NULL,1),
	(72,28,22,11,12.00,'0000-00-00 00:00:00','2012-12-18 12:00:00',0,NULL,1),
	(73,17,22,9,12.00,'0000-00-00 00:00:00','2012-12-18 12:00:00',0,NULL,1),
	(74,37,22,10,12.00,'0000-00-00 00:00:00','2012-12-18 12:00:00',0,NULL,1),
	(75,37,22,20,10.00,'0000-00-00 00:00:00','2012-12-18 12:00:00',0,NULL,1),
	(76,37,22,1,8.00,'0000-00-00 00:00:00','2012-12-18 12:00:00',0,NULL,1),
	(79,28,22,20,10.00,'0000-00-00 00:00:00','2012-12-18 12:00:00',0,NULL,1),
	(81,28,22,21,10.00,'0000-00-00 00:00:00','2012-12-18 12:00:00',0,NULL,1),
	(91,28,22,22,12.00,'0000-00-00 00:00:00','2012-12-18 12:00:00',0,NULL,1),
	(96,17,22,10,12.00,'0000-00-00 00:00:00','2012-12-18 12:00:00',0,NULL,1),
	(97,18,22,10,12.00,'0000-00-00 00:00:00','2012-12-18 12:00:00',0,NULL,1),
	(99,28,22,23,23.00,'0000-00-00 00:00:00','2012-12-18 12:00:00',0,NULL,1),
	(233,18,22,10,12.00,'2012-12-22 08:05:55','2012-12-18 12:00:00',0,NULL,1),
	(238,18,22,10,12.00,'2012-12-23 08:05:55','2012-12-18 12:00:00',0,NULL,1),
	(239,18,22,10,12.00,'2012-12-23 11:05:55','2012-12-18 12:00:00',0,NULL,1),
	(241,18,22,10,12.00,'2012-12-23 12:05:55','2012-12-18 12:00:00',0,NULL,1),
	(245,28,22,24,23.00,'2012-12-18 12:00:00','2012-12-18 12:00:00',0,NULL,1),
	(246,28,22,23,23.00,'2012-12-31 12:00:00','2012-12-18 12:00:00',0,NULL,1),
	(248,28,22,10,12.00,'2012-12-18 12:00:00','2012-12-18 12:00:00',0,NULL,1),
	(249,28,22,10,12.00,'2012-12-25 12:00:00','2012-12-18 12:00:00',0,NULL,1),
	(250,28,22,10,12.00,'2012-12-26 12:00:00','2012-12-18 12:00:00',0,NULL,1),
	(252,28,22,10,12.00,'2012-12-28 12:00:00','2012-12-18 12:00:00',0,NULL,1),
	(259,18,22,10,12.00,'2012-12-28 06:05:55','2012-12-18 12:00:00',0,NULL,1),
	(265,18,22,10,12.00,'2012-12-28 12:05:55','2012-12-18 12:00:00',0,NULL,1),
	(266,18,22,10,12.00,'2012-12-28 13:05:55','2012-12-18 12:00:00',0,NULL,1),
	(269,18,22,10,12.00,'2012-00-00 00:00:00','2012-12-18 12:00:00',0,NULL,1),
	(270,18,22,10,12.00,'2012-12-19 12:00:00','2012-12-18 12:00:00',0,NULL,1),
	(271,18,22,10,12.00,'2012-12-27 12:00:00','2012-12-18 12:00:00',0,NULL,1),
	(272,18,22,10,12.00,'2012-12-31 12:00:00','2012-12-18 12:00:00',0,NULL,1),
	(273,18,22,10,12.00,'2012-12-21 12:00:00','2012-12-18 12:00:00',0,NULL,1),
	(275,18,22,10,12.00,'2012-12-28 12:00:00','2012-12-18 12:00:00',0,NULL,1),
	(276,18,22,10,12.00,'2012-12-12 12:00:00','2012-12-18 12:00:00',0,NULL,1),
	(277,18,22,10,12.00,'2012-12-17 12:00:00','2012-12-18 12:00:00',0,NULL,1),
	(278,18,22,10,12.00,'2012-12-09 12:00:00','2012-12-18 12:00:00',0,NULL,1),
	(279,18,22,10,12.00,'2012-12-06 12:00:00','2012-12-18 12:00:00',0,NULL,1),
	(280,18,22,10,12.00,'2012-12-04 12:00:00','2012-12-18 12:00:00',0,NULL,1),
	(281,18,22,10,12.00,'2012-12-02 12:00:00','2012-12-18 12:00:00',0,NULL,1),
	(282,18,22,10,12.00,'2012-12-01 12:00:00','2012-12-18 12:00:00',0,NULL,1),
	(283,18,22,10,12.00,'2012-11-24 12:00:00','2012-12-18 12:00:00',0,NULL,1),
	(284,18,22,10,12.00,'2012-11-15 12:00:00','2012-12-18 12:00:00',0,NULL,1),
	(285,17,22,10,12.00,'2012-12-21 12:00:00','2012-12-18 12:00:00',0,NULL,1),
	(286,18,22,10,12.00,'2012-10-10 12:00:00','2012-12-18 12:00:00',0,NULL,1),
	(288,18,22,10,12.00,'2013-01-09 12:00:00','2012-12-18 12:00:00',0,NULL,1),
	(289,18,22,10,12.00,'2013-01-10 12:00:00','2012-12-18 12:00:00',0,NULL,1),
	(290,18,22,10,12.00,'2013-01-18 12:00:00','2012-12-18 12:00:00',0,NULL,1),
	(291,18,22,10,12.00,'2013-01-15 12:00:00','2012-12-18 12:00:00',0,NULL,1),
	(292,18,22,10,12.00,'2013-01-16 12:00:00','2012-12-18 12:00:00',0,NULL,1),
	(294,18,22,10,12.00,'2013-01-17 12:00:00','2012-12-18 12:00:00',0,NULL,1),
	(296,18,22,10,12.00,'2013-01-19 12:00:00','2012-12-18 12:00:00',0,NULL,1),
	(297,18,22,10,12.00,'2013-01-06 12:00:00','2012-12-18 12:00:00',0,NULL,1),
	(298,18,22,10,12.00,'2013-01-08 12:00:00','2012-12-18 12:00:00',0,NULL,1),
	(299,18,22,10,12.00,'2013-01-30 12:00:00','2012-12-18 12:00:00',0,NULL,1),
	(300,18,22,10,12.00,'2013-01-31 12:00:00','2012-12-18 12:00:00',0,NULL,1),
	(301,18,22,10,12.00,'2013-02-01 12:00:00','2012-12-18 12:00:00',0,NULL,1),
	(303,18,22,10,12.00,'2013-02-02 12:00:00','2012-12-18 12:00:00',0,NULL,1),
	(304,18,22,10,12.00,'2013-02-03 12:00:00','2012-12-18 12:00:00',0,NULL,1),
	(306,18,22,10,12.00,'2013-02-04 12:00:00','2012-12-18 12:00:00',0,NULL,1),
	(307,18,22,10,12.00,'2013-02-05 12:00:00','2012-12-18 12:00:00',0,NULL,1),
	(308,18,22,10,12.00,'2013-02-06 12:00:00','2012-12-18 12:00:00',0,NULL,1),
	(309,18,22,10,12.00,'2013-02-07 12:00:00','2012-12-18 12:00:00',0,NULL,1),
	(310,18,22,10,12.00,'2013-02-08 12:00:00','2012-12-18 12:00:00',0,NULL,1),
	(311,18,22,10,12.00,'2013-02-09 12:00:00','2012-12-18 12:00:00',0,NULL,1),
	(312,18,22,10,12.00,'2013-02-12 12:00:00','2012-12-18 12:00:00',0,NULL,1),
	(313,18,22,10,12.00,'2013-02-13 12:00:00','2012-12-18 12:00:00',0,NULL,1),
	(314,18,22,10,12.00,'2013-02-14 12:00:00','2012-12-18 12:00:00',0,NULL,1),
	(315,18,22,10,12.00,'2013-02-15 12:00:00','2012-12-18 12:00:00',0,NULL,1),
	(316,18,22,10,12.00,'2013-02-16 12:00:00','2012-12-18 12:00:00',0,NULL,1),
	(317,18,22,10,12.00,'2013-02-17 12:00:00','2012-12-18 12:00:00',0,NULL,1),
	(318,18,22,10,12.00,'2013-02-18 12:00:00','2012-12-18 12:00:00',0,NULL,1),
	(319,18,22,10,12.00,'2013-02-19 12:00:00','2012-12-18 12:00:00',0,NULL,1),
	(320,18,22,10,12.00,'2013-02-20 12:00:00','2012-12-18 12:00:00',0,NULL,1),
	(321,37,22,10,12.00,'2012-12-11 12:00:00','2012-12-18 12:00:00',0,NULL,1),
	(322,37,22,10,12.00,'2012-00-00 00:00:00','2012-12-18 12:00:00',0,NULL,1),
	(323,37,22,10,12.00,'2012-12-26 12:00:00','2012-12-18 12:00:00',0,NULL,1),
	(325,18,22,10,12.00,'2013-02-21 12:00:00','2012-12-18 12:00:00',0,NULL,1),
	(326,18,22,10,12.00,'2013-02-22 12:00:00','2012-12-18 12:00:00',0,NULL,1),
	(327,18,22,10,12.00,'2012-12-23 12:00:00','2012-12-18 12:00:00',0,NULL,1),
	(328,18,22,20,10.00,'2012-10-16 11:00:00','2012-12-18 12:00:00',0,NULL,1),
	(329,18,22,20,10.00,'2012-10-09 11:00:00','2012-12-18 12:00:00',0,NULL,1),
	(330,18,22,20,10.00,'2012-10-09 07:00:00','2012-12-18 12:00:00',0,NULL,1),
	(331,18,22,20,10.00,'2013-04-09 07:00:00','2012-12-18 12:00:00',0,NULL,1),
	(332,17,22,22,12.00,'2013-01-01 10:00:00','2012-12-18 12:00:00',0,NULL,1),
	(333,28,22,23,23.00,'2013-01-03 05:03:00','2012-12-18 12:00:00',0,NULL,1),
	(335,28,22,27,6.00,'2013-01-23 12:07:00','2012-12-18 12:00:00',0,NULL,1),
	(337,28,22,10,12.00,'2013-01-10 06:31:00','2013-01-09 06:31:56',0,NULL,1),
	(338,28,22,21,10.00,'2013-01-09 06:32:00','2013-01-09 06:32:07',0,NULL,1),
	(345,28,22,10,12.00,'2013-01-16 08:49:00','2013-01-09 08:49:56',0,NULL,1),
	(346,28,22,10,12.00,'2013-01-09 08:50:00','2013-01-09 08:50:30',0,NULL,1),
	(347,28,22,10,12.00,'2013-01-23 08:50:00','2013-01-09 08:50:59',0,NULL,1),
	(348,28,22,10,12.00,'2013-01-08 08:52:00','2013-01-09 08:52:30',0,NULL,1),
	(349,28,22,10,12.00,'2013-01-08 08:53:00','2013-01-09 08:53:06',0,NULL,1),
	(350,28,22,10,12.00,'2013-01-01 08:55:00','2013-01-09 08:55:07',0,NULL,1),
	(351,28,22,10,12.00,'2013-01-09 08:56:00','2013-01-09 08:56:00',0,NULL,1),
	(352,28,22,23,23.00,'2013-01-07 08:56:00','2013-01-09 08:56:31',0,NULL,1),
	(354,28,22,10,12.00,'2013-01-09 08:57:00','2013-01-09 08:57:58',0,NULL,1),
	(355,28,22,23,23.00,'2013-01-09 10:52:00','2013-01-09 10:52:44',0,NULL,1),
	(357,28,22,23,23.00,'2013-01-09 11:03:00','2013-01-09 11:03:11',0,NULL,1),
	(358,18,22,21,10.00,'2013-01-22 12:00:00','2013-01-14 01:35:55',0,NULL,1),
	(382,18,22,21,10.00,'2013-01-22 14:00:00','2013-01-14 04:12:57',0,NULL,1),
	(383,18,22,21,5.00,'2013-01-18 12:00:00','2013-01-14 04:17:07',0,NULL,1),
	(426,18,22,21,5.00,'2013-02-18 12:00:00','2013-01-14 04:54:48',0,NULL,1),
	(427,18,22,21,5.00,'2013-02-18 16:00:00','2013-01-14 05:04:18',0,NULL,1),
	(471,18,22,21,5.00,'2013-02-18 18:00:00','2013-01-14 05:38:53',0,NULL,1),
	(474,18,22,2,5.00,'2013-02-18 18:00:00','2013-01-14 05:39:47',0,NULL,1),
	(477,18,22,2,5.00,'2013-02-18 22:00:00','2013-01-14 05:53:34',0,NULL,1),
	(486,18,22,21,5.00,'2013-01-18 19:00:00','2013-01-16 06:23:05',0,NULL,1),
	(487,28,22,23,23.00,'2013-01-17 07:16:00','2013-01-16 07:18:46',0,NULL,1),
	(488,28,22,21,10.00,'2013-01-16 11:31:00','2013-01-16 11:33:51',0,NULL,1),
	(490,28,22,21,10.00,'2013-01-16 11:42:00','2013-01-16 11:45:19',0,NULL,1),
	(491,28,22,23,23.00,'2013-01-16 11:32:00','2013-01-16 11:45:51',0,NULL,1),
	(493,28,22,21,10.00,'2013-01-18 03:38:00','2013-01-18 03:40:34',0,NULL,1),
	(495,18,22,21,10.00,'2013-02-22 14:00:00','2013-01-18 05:31:19',0,NULL,1),
	(500,28,22,21,10.00,'2013-01-18 11:28:00','2013-01-18 06:31:13',0,NULL,1),
	(501,28,22,21,10.00,'2013-01-18 14:30:00','2013-01-18 06:32:11',0,NULL,1),
	(502,28,22,21,10.00,'2013-01-18 07:45:00','2013-01-18 07:42:28',0,NULL,1),
	(503,28,22,23,23.00,'2013-01-18 08:45:00','2013-01-18 08:33:02',0,NULL,1),
	(504,28,22,21,10.00,'2013-01-18 01:45:00','2013-01-18 09:07:30',0,NULL,1),
	(505,28,22,21,10.00,'2013-01-18 02:15:00','2013-01-18 09:08:15',0,NULL,1),
	(506,28,22,25,12.00,'2013-01-19 16:15:00','2013-01-18 16:31:14',0,NULL,1),
	(507,28,22,25,12.00,'2013-01-18 17:00:00','2013-01-18 16:58:36',0,NULL,1),
	(508,28,22,25,12.00,'2013-01-18 11:00:00','2013-01-18 17:00:26',0,NULL,1),
	(509,28,22,25,12.00,'2013-01-19 02:00:00','2013-01-18 17:02:23',0,NULL,1),
	(511,18,22,25,12.00,'2013-01-19 17:30:00','2013-01-18 17:39:25',0,NULL,1),
	(538,18,22,21,10.00,'2013-12-08 06:10:55','2013-02-23 23:54:06',0,NULL,1),
	(541,18,22,21,10.00,'2013-12-08 06:12:55','2013-02-23 23:57:16',0,NULL,1),
	(542,18,22,21,10.00,'2013-12-08 06:42:55','2013-02-23 23:57:49',0,NULL,1),
	(543,18,22,21,10.00,'2013-12-08 06:44:55','2013-02-23 23:59:07',0,NULL,1),
	(544,18,22,21,10.00,'2013-12-08 06:45:55','2013-02-23 23:59:22',0,NULL,1),
	(545,18,22,21,10.00,'2013-12-08 06:55:55','2013-02-24 00:03:30',0,NULL,1),
	(546,18,22,21,10.00,'2013-12-08 06:56:55','2013-02-24 00:03:53',0,NULL,1),
	(562,18,22,21,10.00,'2013-12-08 07:58:55','2013-02-24 00:23:54',0,NULL,1),
	(563,18,22,21,10.00,'2013-12-08 08:58:55','2013-02-24 00:24:13',0,NULL,1),
	(571,18,22,21,10.00,'2013-02-25 14:00:00','2013-02-24 00:59:12',0,NULL,1),
	(575,18,22,21,10.00,'2013-02-25 12:00:00','2013-02-24 00:59:59',0,NULL,1),
	(577,18,22,21,10.00,'2013-03-04 12:00:00','2013-02-24 01:02:35',0,NULL,1),
	(578,18,22,21,10.00,'2013-03-04 14:00:00','2013-02-24 01:11:30',0,NULL,1),
	(579,18,22,21,10.00,'2013-03-25 11:00:00','2013-02-24 01:11:38',0,NULL,1),
	(614,18,22,21,10.00,'2013-05-21 11:00:00','2013-02-24 02:41:55',0,NULL,1),
	(616,18,22,21,10.00,'2013-05-20 13:00:00','2013-02-24 02:42:05',0,NULL,1),
	(644,18,22,21,10.00,'2013-02-26 12:00:00','2013-02-24 08:34:11',0,NULL,1),
	(649,18,22,23,23.00,'2013-02-25 12:00:00','2013-02-24 20:02:10',0,NULL,1),
	(653,18,22,23,23.00,'2013-02-27 18:00:00','2013-02-24 22:07:51',0,NULL,1),
	(685,18,22,21,10.00,'2013-05-13 12:00:00','2013-03-16 02:30:00',0,NULL,1),
	(698,18,22,21,10.00,'2013-08-19 12:00:00','2013-03-16 18:31:35',0,NULL,1),
	(699,18,22,21,10.00,'2013-08-26 12:00:00','2013-03-16 18:31:49',0,NULL,1),
	(702,18,22,21,10.00,'2013-09-09 12:00:00','2013-03-16 18:32:39',0,NULL,1),
	(734,18,22,21,10.00,'0000-08-31 07:00:00','2013-03-17 02:24:33',0,NULL,1),
	(805,18,22,21,10.00,'2013-03-21 16:00:00','2013-03-20 01:28:52',0,NULL,1),
	(807,18,22,21,10.00,'2013-03-22 16:00:00','2013-03-21 02:19:22',0,NULL,1),
	(812,18,22,21,10.00,'2013-04-24 16:00:00','2013-03-21 02:40:34',0,NULL,1),
	(813,17,22,21,10.00,'2013-03-21 16:00:00','2013-03-21 02:45:08',0,NULL,1),
	(819,18,22,21,10.00,'2013-03-27 16:00:00','2013-03-22 01:01:47',0,NULL,1),
	(823,17,22,21,10.00,'2013-04-01 12:00:00','2013-03-28 18:27:02',0,NULL,1),
	(826,17,22,21,10.00,'2013-04-03 16:00:00','2013-03-30 03:05:38',0,NULL,1),
	(830,46,22,21,10.00,'2013-04-04 16:00:00','2013-03-30 05:03:06',0,NULL,1),
	(835,18,22,21,10.00,'2013-04-04 16:00:00','2013-04-04 00:19:22',0,NULL,1),
	(836,18,22,116,30.00,'2013-04-08 11:00:00','2013-04-07 04:06:04',0,NULL,1),
	(837,18,22,101,30.00,'2013-04-07 11:00:00','2013-04-08 04:06:39',0,NULL,1),
	(838,18,22,102,10.00,'2013-04-07 15:00:00','2013-04-07 04:07:04',0,NULL,1),
	(842,18,22,26,10.00,'2013-04-09 22:00:00','2013-04-09 18:01:12',1,'2013-04-10 04:08:49',1),
	(843,15,22,26,10.00,'2013-04-09 22:00:00','2013-04-09 18:19:43',0,NULL,1),
	(851,17,22,30,10.00,'2013-06-12 15:00:00','2013-06-06 02:33:48',0,NULL,1),
	(852,17,22,34,10.00,'2013-06-07 15:00:00','2013-06-06 02:34:04',0,NULL,1),
	(854,45,22,38,10.00,'2013-06-18 15:00:00','2013-06-17 00:56:24',0,NULL,1),
	(855,45,31,120,10.00,'2013-06-21 23:50:00','2013-06-21 21:58:25',0,NULL,1),
	(862,45,22,43,10.00,'2013-06-26 15:00:00','2013-06-21 23:07:57',0,NULL,1),
	(877,45,31,46,5.00,'2013-06-27 11:45:00','2013-06-21 23:16:40',0,NULL,1),
	(878,45,31,47,5.00,'2013-06-28 11:45:00','2013-06-21 23:25:24',0,NULL,1),
	(880,45,31,49,7.50,'2013-06-21 10:30:00','2013-06-21 23:26:14',0,NULL,1),
	(882,17,22,51,10.00,'2013-06-27 15:00:00','2013-06-22 02:43:06',0,NULL,1),
	(883,17,22,52,30.00,'2013-06-25 08:00:00','2013-06-22 02:43:17',0,NULL,1),
	(884,45,31,53,7.50,'2013-06-24 10:30:00','2013-06-22 16:32:57',0,NULL,1),
	(886,17,32,55,21.00,'2013-09-03 14:00:00','2013-06-23 19:24:24',1,'2013-09-05 08:32:49',1),
	(887,17,31,48,7.50,'2013-09-03 10:30:00','2013-06-23 21:21:27',0,'2013-08-29 14:57:08',1),
	(888,28,31,48,10.00,'2013-09-24 14:00:00','2013-09-10 19:00:00',0,NULL,1);

/*!40000 ALTER TABLE `schedule` ENABLE KEYS */;
UNLOCK TABLES;


# Dump of table scheduledClass
# ------------------------------------------------------------

DROP TABLE IF EXISTS `scheduledClass`;

CREATE TABLE `scheduledClass` (
  `id` int(10) NOT NULL AUTO_INCREMENT,
  `classid` int(10) NOT NULL,
  `datetime` datetime NOT NULL,
  `active` tinyint(1) NOT NULL DEFAULT '1',
  `price` decimal(10,2) NOT NULL,
  `gymid` int(10) NOT NULL,
  `spots` int(3) NOT NULL,
  `service` varchar(50) COLLATE utf8_bin NOT NULL DEFAULT '',
  `instructor` varchar(50) COLLATE utf8_bin NOT NULL DEFAULT '',
  `image` varchar(30) COLLATE utf8_bin NOT NULL DEFAULT '',
  `daypass` tinyint(1) NOT NULL DEFAULT '0',
  `desc` varchar(255) COLLATE utf8_bin DEFAULT NULL,
  PRIMARY KEY (`id`),
  UNIQUE KEY `idx_classid_datetime` (`classid`,`datetime`),
  KEY `id_classid` (`classid`),
  KEY `active` (`active`)
) ENGINE=InnoDB DEFAULT CHARSET=utf8 COLLATE=utf8_bin;

LOCK TABLES `scheduledClass` WRITE;
/*!40000 ALTER TABLE `scheduledClass` DISABLE KEYS */;

INSERT INTO `scheduledClass` (`id`, `classid`, `datetime`, `active`, `price`, `gymid`, `spots`, `service`, `instructor`, `image`, `daypass`, `desc`)
VALUES
	(26,102,'2013-04-10 15:00:00',1,10.00,22,30,X'4B6172617465',X'',X'',0,NULL),
	(28,101,'2013-05-31 16:00:00',1,30.00,22,30,X'796F6761',X'',X'',0,NULL),
	(29,102,'2013-05-31 15:00:00',1,10.00,22,30,X'4B6172617465',X'',X'',0,NULL),
	(30,102,'2013-06-12 15:00:00',1,10.00,22,40,X'4B6172617465',X'',X'',0,NULL),
	(31,102,'2013-06-05 15:00:00',1,10.00,22,30,X'4B6172617465',X'',X'',0,NULL),
	(32,102,'2013-06-11 15:00:00',1,10.00,22,30,X'4B6172617465',X'',X'',0,NULL),
	(33,102,'2013-06-10 10:00:00',1,10.00,22,30,X'4B6172617465',X'',X'',0,NULL),
	(34,102,'2013-06-07 15:00:00',1,10.00,22,30,X'4B6172617465',X'',X'',0,NULL),
	(37,101,'2013-06-18 08:00:00',1,30.00,22,30,X'796F6761',X'',X'',0,NULL),
	(38,102,'2013-06-18 15:00:00',1,10.00,22,30,X'4B6172617465',X'',X'',0,NULL),
	(39,120,'2013-06-21 23:50:00',1,10.00,31,30,X'426F6479776F726B73',X'',X'',0,NULL),
	(40,118,'2013-06-21 10:00:00',1,5.00,31,20,X'45787072657373204669746E657373',X'',X'',0,NULL),
	(41,118,'2013-06-24 10:00:00',1,5.00,31,20,X'45787072657373204669746E657373',X'',X'',0,NULL),
	(42,120,'2013-06-25 11:45:00',1,5.00,31,8,X'426F6479776F726B73',X'',X'',0,NULL),
	(43,102,'2013-06-26 15:00:00',1,10.00,22,30,X'4B6172617465',X'',X'',0,NULL),
	(44,102,'2013-06-20 15:00:00',1,10.00,22,30,X'4B6172617465',X'',X'',0,NULL),
	(45,102,'2013-06-21 15:00:00',1,10.00,22,30,X'4B6172617465',X'',X'',0,NULL),
	(46,120,'2013-06-27 11:45:00',1,5.00,31,8,X'426F6479776F726B73',X'',X'',0,NULL),
	(47,120,'2013-06-28 11:45:00',1,5.00,31,8,X'426F6479776F726B73',X'',X'',0,NULL),
	(48,119,'2013-06-27 10:30:00',1,7.50,31,15,X'43726F737320547261696E696E67',X'',X'',0,NULL),
	(49,119,'2013-06-21 10:30:00',1,7.50,31,15,X'43726F737320547261696E696E67',X'',X'',0,NULL),
	(50,119,'2013-06-26 10:30:00',1,7.50,31,15,X'43726F737320547261696E696E67',X'',X'',0,NULL),
	(51,102,'2013-06-27 15:00:00',1,10.00,22,30,X'4B6172617465',X'',X'',0,NULL),
	(52,101,'2013-06-25 08:00:00',1,30.00,22,30,X'796F6761',X'',X'',0,NULL),
	(53,119,'2013-06-24 10:30:00',1,7.50,31,15,X'43726F737320547261696E696E67',X'',X'',0,NULL),
	(54,121,'2013-06-25 10:00:00',1,10.00,32,30,X'50757265204379636C696E67',X'',X'',0,NULL),
	(55,122,'2013-09-04 14:00:00',1,21.00,32,5,X'507572652050696C61746573',X'',X'',0,NULL),
	(56,118,'2013-09-04 16:00:00',1,5.00,32,20,X'45787072657373204669746E657373',X'4A696D6D79',X'6B61726174652E706E67',0,NULL);

/*!40000 ALTER TABLE `scheduledClass` ENABLE KEYS */;
UNLOCK TABLES;


# Dump of table searchinfo
# ------------------------------------------------------------

DROP TABLE IF EXISTS `searchinfo`;

CREATE TABLE `searchinfo` (
  `id` int(10) NOT NULL AUTO_INCREMENT,
  `city` varchar(25) COLLATE utf8_bin NOT NULL,
  `state` varchar(2) COLLATE utf8_bin NOT NULL,
  `term` varchar(20) COLLATE utf8_bin DEFAULT '',
  `datetime` datetime DEFAULT NULL,
  PRIMARY KEY (`id`),
  KEY `id_city` (`city`),
  KEY `id_state` (`state`),
  KEY `id_term` (`term`)
) ENGINE=InnoDB DEFAULT CHARSET=utf8 COLLATE=utf8_bin;



# Dump of table stats
# ------------------------------------------------------------

DROP TABLE IF EXISTS `stats`;

CREATE TABLE `stats` (
  `id` int(10) NOT NULL AUTO_INCREMENT,
  `gymid` int(10) NOT NULL,
  `userid` int(10) NOT NULL,
  `type` int(10) NOT NULL,
  `datetime` datetime DEFAULT NULL,
  PRIMARY KEY (`id`),
  KEY `id_gymid` (`gymid`),
  KEY `id_userid` (`userid`),
  KEY `id_type` (`type`)
) ENGINE=InnoDB DEFAULT CHARSET=utf8 COLLATE=utf8_bin;

LOCK TABLES `stats` WRITE;
/*!40000 ALTER TABLE `stats` DISABLE KEYS */;

INSERT INTO `stats` (`id`, `gymid`, `userid`, `type`, `datetime`)
VALUES
	(1,22,9,1,NULL),
	(2,22,9,0,NULL),
	(3,22,9,1,NULL),
	(4,22,10,0,NULL),
	(5,22,9,1,NULL),
	(6,22,28,0,'2013-01-09 05:27:34'),
	(7,22,28,0,'2013-01-09 05:29:32'),
	(8,22,28,0,'2013-01-09 05:29:56'),
	(9,22,28,0,'2013-01-09 05:30:07'),
	(10,22,28,0,'2013-01-09 05:30:11'),
	(11,22,28,0,'2013-01-09 05:30:13'),
	(12,22,28,0,'2013-01-09 05:30:17'),
	(13,22,28,0,'2013-01-09 05:51:23'),
	(14,22,28,0,'2013-01-09 06:26:52'),
	(15,22,28,0,'2013-01-09 06:26:59'),
	(16,22,28,0,'2013-01-09 06:27:36'),
	(17,22,28,0,'2013-01-09 06:27:43'),
	(18,22,28,0,'2013-01-09 06:29:43'),
	(19,22,28,0,'2013-01-09 06:29:51'),
	(20,22,28,0,'2013-01-09 06:30:05'),
	(21,22,28,0,'2013-01-09 06:30:51'),
	(22,22,28,0,'2013-01-09 06:32:52'),
	(23,22,28,0,'2013-01-09 06:35:17'),
	(24,22,28,0,'2013-01-09 06:35:35'),
	(25,22,28,0,'2013-01-09 06:38:17'),
	(26,22,28,0,'2013-01-09 06:39:36'),
	(27,22,28,0,'2013-01-09 06:40:15'),
	(28,22,28,0,'2013-01-09 06:40:58'),
	(29,22,28,0,'2013-01-09 06:41:47'),
	(30,22,28,0,'2013-01-09 06:42:05'),
	(31,22,28,0,'2013-01-09 06:43:55'),
	(32,22,28,0,'2013-01-09 08:34:18'),
	(33,22,28,0,'2013-01-09 08:44:40'),
	(34,22,28,0,'2013-01-09 08:48:16'),
	(35,22,28,0,'2013-01-09 08:48:43'),
	(36,22,28,0,'2013-01-09 08:49:12'),
	(37,22,28,0,'2013-01-09 08:49:50'),
	(38,22,28,0,'2013-01-09 08:50:25'),
	(39,22,28,0,'2013-01-09 08:50:52'),
	(40,22,28,0,'2013-01-09 08:52:25'),
	(41,22,28,0,'2013-01-09 08:53:01'),
	(42,22,28,0,'2013-01-09 08:55:02'),
	(43,22,28,0,'2013-01-09 08:55:55'),
	(44,22,28,0,'2013-01-09 08:56:23'),
	(45,22,28,0,'2013-01-09 08:56:52'),
	(46,22,28,0,'2013-01-09 08:57:16'),
	(47,22,28,0,'2013-01-09 08:57:52'),
	(48,22,28,0,'2013-01-09 08:58:07'),
	(49,22,28,0,'2013-01-09 08:58:19'),
	(50,22,28,0,'2013-01-09 08:58:59'),
	(51,22,28,0,'2013-01-09 08:59:05'),
	(52,22,28,0,'2013-01-09 08:59:09'),
	(53,22,28,0,'2013-01-09 08:59:33'),
	(54,22,28,0,'2013-01-09 09:00:29'),
	(55,22,28,0,'2013-01-09 09:00:47'),
	(56,22,28,0,'2013-01-09 09:02:54'),
	(57,22,28,0,'2013-01-09 09:02:58'),
	(58,22,28,0,'2013-01-09 09:03:06'),
	(59,22,28,0,'2013-01-09 09:03:46'),
	(60,22,28,0,'2013-01-09 09:03:52'),
	(61,22,28,0,'2013-01-09 09:04:08'),
	(62,22,28,0,'2013-01-09 09:05:30'),
	(63,22,28,0,'2013-01-09 09:05:37'),
	(64,22,28,0,'2013-01-09 09:29:29'),
	(65,22,28,0,'2013-01-09 09:29:32'),
	(66,22,28,0,'2013-01-09 09:30:22'),
	(67,22,28,0,'2013-01-09 09:31:12'),
	(68,22,28,0,'2013-01-09 09:31:31'),
	(69,22,28,0,'2013-01-09 09:31:48'),
	(70,22,28,0,'2013-01-09 10:42:25'),
	(71,22,28,0,'2013-01-09 10:46:36'),
	(72,22,28,0,'2013-01-09 10:46:47'),
	(73,22,28,0,'2013-01-09 10:47:53'),
	(74,22,28,0,'2013-01-09 10:49:08'),
	(75,22,28,0,'2013-01-09 10:49:15'),
	(76,22,28,0,'2013-01-09 10:50:27'),
	(77,22,28,0,'2013-01-09 10:50:57'),
	(78,22,28,0,'2013-01-09 10:51:59'),
	(79,22,28,0,'2013-01-09 10:54:26'),
	(80,22,28,0,'2013-01-09 10:54:28'),
	(81,22,28,0,'2013-01-09 10:54:30'),
	(82,22,28,0,'2013-01-09 10:54:33'),
	(83,22,28,0,'2013-01-09 10:54:46'),
	(84,22,28,0,'2013-01-09 10:55:48'),
	(85,22,28,0,'2013-01-09 10:55:58'),
	(86,22,28,0,'2013-01-09 11:01:32'),
	(87,22,28,0,'2013-01-09 11:01:49'),
	(88,22,28,0,'2013-01-09 11:02:04'),
	(89,22,28,0,'2013-01-09 11:02:10'),
	(90,22,28,0,'2013-01-09 11:02:28'),
	(91,22,28,0,'2013-01-09 11:02:49'),
	(92,22,28,0,'2013-01-09 11:03:26'),
	(93,22,28,0,'2013-01-09 11:03:44'),
	(94,22,28,0,'2013-01-09 11:04:22'),
	(95,22,28,0,'2013-01-09 11:04:53'),
	(96,22,28,0,'2013-01-09 11:08:46'),
	(97,22,28,0,'2013-01-09 11:17:07'),
	(98,22,28,0,'2013-01-09 11:17:31'),
	(99,22,28,0,'2013-01-09 11:18:21'),
	(100,22,28,0,'2013-01-09 11:20:10'),
	(101,22,28,0,'2013-01-09 11:20:17'),
	(102,22,28,0,'2013-01-09 11:20:23'),
	(103,22,28,0,'2013-01-09 11:23:05'),
	(104,22,28,0,'2013-01-09 11:27:07'),
	(105,22,28,0,'2013-01-09 11:27:36'),
	(106,22,28,0,'2013-01-09 11:28:53'),
	(107,22,28,0,'2013-01-09 11:29:00'),
	(108,22,28,0,'2013-01-09 11:29:20'),
	(109,22,28,0,'2013-01-09 11:30:47'),
	(110,22,28,0,'2013-01-09 11:31:45'),
	(111,22,28,0,'2013-01-09 11:32:27'),
	(112,22,28,0,'2013-01-09 11:32:51'),
	(113,22,28,0,'2013-01-09 11:33:48'),
	(114,22,28,0,'2013-01-09 11:34:56'),
	(115,22,28,0,'2013-01-09 11:35:31'),
	(116,22,28,0,'2013-01-09 11:35:43'),
	(117,22,28,0,'2013-01-09 11:36:47'),
	(118,22,28,0,'2013-01-09 11:37:12'),
	(119,22,18,0,'2013-01-09 17:41:12'),
	(120,22,18,0,'2013-01-09 17:41:44'),
	(121,22,17,0,'2013-01-09 22:21:00'),
	(122,22,17,0,'2013-01-11 15:01:21'),
	(123,22,28,0,'2013-01-11 16:03:41'),
	(124,22,18,0,'2013-01-12 20:32:24'),
	(125,22,18,0,'2013-01-12 21:01:44'),
	(126,22,18,0,'2013-01-13 18:49:41'),
	(127,22,18,0,'2013-01-13 19:06:46'),
	(128,22,17,0,'2013-01-14 16:31:24'),
	(129,22,18,0,'2013-01-16 06:09:40'),
	(130,22,18,0,'2013-01-16 06:10:07'),
	(131,22,28,0,'2013-01-16 07:18:29'),
	(132,22,28,0,'2013-01-16 07:44:23'),
	(133,22,28,0,'2013-01-16 11:33:38'),
	(134,22,28,0,'2013-01-16 11:45:07'),
	(135,22,28,0,'2013-01-16 11:45:39'),
	(136,22,17,0,'2013-01-16 15:45:12'),
	(137,22,17,0,'2013-01-17 17:33:12'),
	(138,22,17,0,'2013-01-17 17:35:52'),
	(139,22,17,0,'2013-01-17 17:36:05'),
	(140,22,28,0,'2013-01-18 03:40:21'),
	(141,22,18,0,'2013-01-18 05:46:46'),
	(142,22,18,0,'2013-01-18 05:46:52'),
	(143,22,28,0,'2013-01-18 06:31:01'),
	(144,22,28,0,'2013-01-18 06:32:00'),
	(145,22,28,0,'2013-01-18 07:42:16'),
	(146,22,28,0,'2013-01-18 07:52:37'),
	(147,22,28,0,'2013-01-18 07:55:20'),
	(148,22,28,0,'2013-01-18 08:02:01'),
	(149,22,28,0,'2013-01-18 08:02:52'),
	(150,22,28,0,'2013-01-18 08:03:15'),
	(151,22,28,0,'2013-01-18 08:03:16'),
	(152,22,28,0,'2013-01-18 08:05:29'),
	(153,22,28,0,'2013-01-18 08:32:30'),
	(154,22,28,0,'2013-01-18 08:32:53'),
	(155,22,28,0,'2013-01-18 09:06:46'),
	(156,22,28,0,'2013-01-18 09:08:00'),
	(157,22,28,0,'2013-01-18 16:31:00'),
	(158,22,28,0,'2013-01-18 16:58:25'),
	(159,22,28,0,'2013-01-18 17:00:04'),
	(160,22,28,0,'2013-01-18 17:02:11'),
	(161,22,28,0,'2013-01-18 17:28:54'),
	(162,22,28,0,'2013-01-18 17:33:23'),
	(163,22,28,0,'2013-01-18 17:39:15'),
	(164,22,18,0,'2013-01-19 02:37:49'),
	(165,22,18,0,'2013-01-19 02:37:55'),
	(166,22,17,0,'2013-01-19 21:37:38'),
	(167,22,32,0,'2013-01-21 18:44:43'),
	(168,22,17,0,'2013-01-22 19:54:25'),
	(169,22,28,0,'2013-02-09 05:14:41'),
	(170,22,43,0,'2013-02-11 22:32:00'),
	(171,22,43,0,'2013-02-11 22:32:09'),
	(172,22,18,0,'2013-02-25 21:51:44');

/*!40000 ALTER TABLE `stats` ENABLE KEYS */;
UNLOCK TABLES;


# Dump of table transactions
# ------------------------------------------------------------

DROP TABLE IF EXISTS `transactions`;

CREATE TABLE `transactions` (
  `id` bigint(20) NOT NULL AUTO_INCREMENT,
  `userid` int(10) NOT NULL,
  `refid` varchar(50) COLLATE utf8_bin NOT NULL DEFAULT '',
  `timestamp` datetime NOT NULL,
  PRIMARY KEY (`id`),
  UNIQUE KEY `idx_refid` (`refid`),
  KEY `id_userid` (`userid`)
) ENGINE=InnoDB DEFAULT CHARSET=utf8 COLLATE=utf8_bin;

LOCK TABLES `transactions` WRITE;
/*!40000 ALTER TABLE `transactions` DISABLE KEYS */;

INSERT INTO `transactions` (`id`, `userid`, `refid`, `timestamp`)
VALUES
	(99,28,X'63685F3074614D32746252387131337763','2012-12-11 07:19:06'),
	(100,28,X'63685F3074614E344151464D3678374366','2012-12-11 07:19:40'),
	(101,28,X'63685F3074785875524E59453831463471','2012-12-12 07:15:26'),
	(102,28,X'63685F307478626A4C6431576148735371','2012-12-12 07:19:34'),
	(103,28,X'63685F3075304C594D3379495861383232','2012-12-12 10:10:22'),
	(104,28,X'63685F3075304D34427334466D57723638','2012-12-12 10:10:41'),
	(105,28,X'63685F30753068347868576D6C44445368','2012-12-12 10:31:41'),
	(106,28,X'63685F3075306A6C314D4166564E624365','2012-12-12 10:34:00'),
	(107,28,X'63685F3075314E4C346470563272726749','2012-12-12 11:13:50'),
	(108,28,X'63685F3075314E5345416B4A6E3731446D','2012-12-12 11:14:23'),
	(109,28,X'63685F307531564F6F4E4B786C77674663','2012-12-12 11:22:19'),
	(110,28,X'63685F307531714B727163494849784850','2012-12-12 11:42:25'),
	(111,28,X'63685F30754A5648737174357550726C6C','2012-12-13 05:57:51'),
	(113,18,X'63685F30755758576B70476F7072766452','2012-12-14 02:27:44'),
	(117,18,X'63685F3075654D4865596D6169395A5A6C','2012-12-14 03:30:36'),
	(118,18,X'63685F3075654D384B5834586B65704546','2012-12-14 03:31:18'),
	(119,18,X'63685F3075654E534D6231764B61596C58','2012-12-14 03:32:20'),
	(120,18,X'63685F3075656477447834774E61786D79','2012-12-14 03:48:14'),
	(121,18,X'63685F3075656C596533336A6776676B76','2012-12-14 03:56:11'),
	(122,18,X'63685F3075656E5A6F6352306A46336E4C','2012-12-14 03:57:52'),
	(123,18,X'63685F3075656F4E624245486651686775','2012-12-14 03:59:02'),
	(124,18,X'63685F30756570574A6768545346765059','2012-12-14 03:59:45'),
	(125,18,X'63685F307566305750434F5A6A3171626E','2012-12-14 04:10:44'),
	(126,18,X'63685F3075663365467256586B4D767050','2012-12-14 04:14:15'),
	(127,18,X'63685F307566346C6F675A43594F476B6B','2012-12-14 04:15:19'),
	(128,18,X'63685F3075663553376F65423635476264','2012-12-14 04:16:11'),
	(129,37,X'63685F3075686B32595451457332466B36','2012-12-14 07:00:30'),
	(130,18,X'63685F30757242515A687A756E565A4861','2012-12-14 16:46:21'),
	(131,18,X'63685F30757243665066513737776C7645','2012-12-14 16:46:38'),
	(132,18,X'63685F3075724377395556687431666731','2012-12-14 16:46:53'),
	(133,18,X'63685F307572436F336C776E65587A6774','2012-12-14 16:47:21'),
	(134,18,X'63685F3075724733306477305430475353','2012-12-14 16:50:30'),
	(135,18,X'63685F307572476F497949507543663635','2012-12-14 16:50:43'),
	(136,18,X'63685F307572484D4E415A733336575257','2012-12-14 16:52:11'),
	(137,18,X'63685F3075724E79726146455449436A34','2012-12-14 16:57:56'),
	(138,18,X'63685F30757251716E6678576E4A71734F','2012-12-14 17:01:13'),
	(139,18,X'63685F307575354954674571514B61544A','2012-12-14 19:45:57'),
	(140,17,X'63685F3075754149725949444A304E3255','2012-12-14 19:51:11'),
	(141,28,X'63685F3077424A7A7945564E696245654E','2012-12-18 05:38:24'),
	(142,18,X'63685F307846374F553175314C52746555','2012-12-21 01:31:20'),
	(143,18,X'63685F30784637634F68767375796E4154','2012-12-21 01:31:31'),
	(144,17,X'63685F30785373324A76687663544E7737','2012-12-21 15:44:04'),
	(145,37,X'63685F3078584E68766255527A32687544','2012-12-21 20:23:02'),
	(146,28,X'63685F30786A4D4F45674E525535696435','2012-12-22 08:46:46'),
	(147,28,X'63685F30786A4E48426664473650315877','2012-12-22 08:46:56'),
	(148,28,X'63685F30786A4E7A6F5437774D70705334','2012-12-22 08:47:03'),
	(149,28,X'63685F30786A4E704A79484B674462464F','2012-12-22 08:47:34'),
	(150,28,X'63685F30786A4E70683659436B4B515877','2012-12-22 08:47:50'),
	(151,28,X'63685F30786A4F4968707A705868674F7A','2012-12-22 08:48:04'),
	(152,28,X'63685F30786A5044694E4E3453354B3430','2012-12-22 08:49:37'),
	(153,18,X'63685F307876734559425249496D6B5648','2012-12-22 21:42:26'),
	(154,28,X'63685F31316E4B356A4845436E4B663267','2013-01-02 05:06:55'),
	(155,28,X'63685F31316E556E49786F48704B324C78','2013-01-02 05:17:08'),
	(156,28,X'63685F31316E56496D6D38495247727835','2013-01-02 05:17:37'),
	(157,18,X'63685F313237656F645373587141415466','2013-01-03 02:06:33'),
	(158,18,X'63685F313237654D586E6C634A77774D57','2013-01-03 02:07:08'),
	(159,18,X'63685F3132753761496330615169523246','2013-01-05 04:12:02'),
	(160,18,X'63685F313275393930503241656C625544','2013-01-05 04:14:20'),
	(161,18,X'63685F31327545346862594F3648774257','2013-01-05 04:18:38'),
	(162,28,X'63685F31345350485A37464D75534F4544','2013-01-09 07:41:57'),
	(163,28,X'63685F31345354746D654E456D37694B39','2013-01-09 07:45:49'),
	(164,28,X'63685F313453675042614E324D566F7838','2013-01-09 07:58:22'),
	(165,28,X'63685F3134536E3748724958655565794A','2013-01-09 08:06:14'),
	(166,28,X'63685F3134536F51774E42303248725953','2013-01-09 08:06:25'),
	(167,28,X'63685F3134537230364248505368366B45','2013-01-09 08:09:45'),
	(168,28,X'63685F313453724654796E68383139756B','2013-01-09 08:10:04'),
	(169,28,X'63685F313453765178724A516A44727466','2013-01-09 08:13:25'),
	(170,28,X'63685F313453775337366D7270624C4632','2013-01-09 08:15:12'),
	(171,28,X'63685F313453785658784D4B7957744B51','2013-01-09 08:15:43'),
	(172,28,X'63685F3134537A4874726F516A76757157','2013-01-09 08:18:03'),
	(173,28,X'63685F31345438716672434D4C55764F4F','2013-01-09 08:26:55'),
	(175,28,X'63685F3134544245466578464B53366549','2013-01-09 08:29:54'),
	(176,28,X'63685F313454463145556D665864366E4F','2013-01-09 08:33:57'),
	(177,28,X'63685F3134553255695238756470334E59','2013-01-09 09:23:12'),
	(178,28,X'63685F313455346836705973786D4B4567','2013-01-09 09:25:13'),
	(179,28,X'63685F313455446D5030615639624D394F','2013-01-09 09:33:53'),
	(180,28,X'63685F313455467258424F445957307975','2013-01-09 09:35:21'),
	(181,28,X'63685F3134554736595246357059364E53','2013-01-09 09:36:28'),
	(182,28,X'63685F3134554A71705941553163434D54','2013-01-09 09:39:46'),
	(183,28,X'63685F3134566A5746454B4D77774B6664','2013-01-09 11:07:23'),
	(184,28,X'63685F3134566C564A4574315437303669','2013-01-09 11:09:51'),
	(185,28,X'63685F3134566C4E654C57493366725170','2013-01-09 11:10:07'),
	(186,28,X'63685F31354B795671644D535378487065','2013-01-11 16:04:32'),
	(187,28,X'63685F313951333778446F4E3549474A32','2013-01-22 13:37:54'),
	(188,28,X'63685F313951336E6B795072733061476A','2013-01-22 13:38:11'),
	(189,18,X'63685F315365376C376143793637553559','2013-03-14 21:27:14'),
	(190,18,X'63685F31536542366C5A497A4849484A52','2013-03-14 21:31:44'),
	(191,18,X'63685F3153654267446353317448454D41','2013-03-14 21:31:59'),
	(192,18,X'63685F315365466E413633384B78594D47','2013-03-14 21:35:46'),
	(193,18,X'63685F3153654852425531527746393035','2013-03-14 21:37:50'),
	(194,18,X'63685F3153654953573133396B6939696B','2013-03-14 21:39:02'),
	(195,18,X'63685F31536848625856384367584E5345','2013-03-15 00:43:42'),
	(196,18,X'63685F3153684953596A6277674A52774B','2013-03-15 00:45:05'),
	(197,18,X'63685F3153684A3239745930584C425974','2013-03-15 00:45:56'),
	(198,18,X'63685F3153684B6C7745455579764D3076','2013-03-15 00:46:09'),
	(199,18,X'63685F3153684C354E4C4A50457A736636','2013-03-15 00:47:36'),
	(200,18,X'63685F3153684C476B75784834754A6F72','2013-03-15 00:47:50'),
	(201,18,X'63685F3153684C7169306A6255594A4742','2013-03-15 00:47:54'),
	(202,18,X'63685F3153684C337846476575537A6D63','2013-03-15 00:47:58'),
	(203,18,X'63685F3153686739325444435A4372506C','2013-03-15 01:08:10'),
	(204,18,X'63685F3153686B6B656172787A7A614B67','2013-03-15 01:12:48'),
	(205,18,X'63685F31536A39323476674A6968764369','2013-03-15 02:39:11'),
	(206,18,X'63685F31536A414D54787034394A4E3531','2013-03-15 02:40:13'),
	(207,18,X'63685F31536B5031594956743754694954','2013-03-15 03:57:33'),
	(208,18,X'63685F31536C333972414B4C66327A7654','2013-03-15 04:37:43'),
	(209,18,X'63685F31543170796154765A6576395731','2013-03-15 21:57:36'),
	(210,18,X'63685F3154317033434D4B634A6C395351','2013-03-15 21:57:48'),
	(211,18,X'63685F31544C4F685449374A4C51565572','2013-03-16 18:10:21'),
	(212,18,X'63685F31545578346E474E573371384579','2013-03-17 04:03:37'),
	(213,18,X'63685F315456464E71573333713267396B','2013-03-17 04:22:10'),
	(214,18,X'63685F3154564E6B505369664450347670','2013-03-17 04:29:11'),
	(215,18,X'63685F3154564E4D50516355643759414A','2013-03-17 04:29:38'),
	(216,18,X'63685F3154565274413331463439687565','2013-03-17 04:33:11'),
	(217,18,X'63685F315456524E56516875396A757747','2013-03-17 04:33:32'),
	(218,18,X'63685F31545657304B557534637162756F','2013-03-17 04:38:19'),
	(219,18,X'63685F315456584D4D4D6D366C4B793552','2013-03-17 04:39:38'),
	(220,18,X'63685F315457316C46694579526B306B66','2013-03-17 05:10:00'),
	(221,18,X'63685F3154573258794133614378625536','2013-03-17 05:10:14'),
	(222,18,X'63685F3154574D4E565754514273704350','2013-03-17 05:30:49'),
	(223,18,X'63685F315471564A4730667256466E5656','2013-03-18 02:19:56'),
	(224,18,X'63685F315474476B454E7075436171566F','2013-03-18 05:10:36'),
	(225,18,X'63685F3155794E66535654796747454B39','2013-03-21 02:31:28'),
	(226,18,X'63685F3155794E687A4A647863425A5435','2013-03-21 02:31:41'),
	(227,18,X'63685F3155794E59384F69697555344948','2013-03-21 02:32:01'),
	(228,18,X'63685F3155794F3373315559736837784D','2013-03-21 02:32:19'),
	(229,17,X'63685F315579504778426E473031704878','2013-03-21 02:34:05'),
	(230,17,X'63685F3155795036546658534544506149','2013-03-21 02:34:17'),
	(231,17,X'63685F31557951545371664C4465336F4C','2013-03-21 02:34:30'),
	(232,18,X'63685F3156325A71345039784E77356D73','2013-03-21 06:51:54'),
	(233,17,X'63685F3156424A436A5071387670477348','2013-03-21 15:53:57'),
	(234,18,X'63685F3156466177705A4E6334496D484D','2013-03-21 20:18:38'),
	(235,18,X'63685F31564B385330676C734D44693457','2013-03-22 01:01:06'),
	(236,46,X'63685F31594E70784A646F777055764864','2013-03-30 05:02:26'),
	(237,17,X'63685F315962727930456B354479597A4A','2013-03-30 19:31:55'),
	(238,17,X'63685F315A33593237545277757477567A','2013-04-01 00:08:43'),
	(239,45,X'63685F3176737A614967354D36726D5036','2013-05-31 22:42:25'),
	(240,45,X'63685F3177445257435844336B68447839','2013-06-01 19:50:29'),
	(241,45,X'63685F317759636C35666C683535583141','2013-06-02 17:43:18'),
	(242,45,X'63685F31775A384B744B33317A75373543','2013-06-02 18:15:02'),
	(243,45,X'63685F323451736A4D4C546979774F4D35','2013-06-23 18:15:03');

/*!40000 ALTER TABLE `transactions` ENABLE KEYS */;
UNLOCK TABLES;


# Dump of table uBillingAudit
# ------------------------------------------------------------

DROP TABLE IF EXISTS `uBillingAudit`;

CREATE TABLE `uBillingAudit` (
  `id` bigint(20) NOT NULL AUTO_INCREMENT,
  `uid` int(10) NOT NULL,
  `action` int(2) NOT NULL,
  `amount` decimal(10,2) NOT NULL,
  `timestamp` datetime NOT NULL,
  PRIMARY KEY (`id`),
  KEY `id_uid` (`uid`)
) ENGINE=InnoDB DEFAULT CHARSET=utf8 COLLATE=utf8_bin;

LOCK TABLES `uBillingAudit` WRITE;
/*!40000 ALTER TABLE `uBillingAudit` DISABLE KEYS */;

INSERT INTO `uBillingAudit` (`id`, `uid`, `action`, `amount`, `timestamp`)
VALUES
	(10,18,0,12.00,'2012-12-17 18:48:09'),
	(15,18,0,12.00,'2012-12-17 21:59:11'),
	(16,18,0,12.00,'2012-12-18 02:42:35'),
	(18,18,0,12.00,'2012-12-18 02:43:33'),
	(22,28,0,23.00,'2012-12-18 05:39:56'),
	(23,28,0,23.00,'2012-12-18 05:41:04'),
	(25,28,0,12.00,'2012-12-18 05:42:22'),
	(26,28,0,12.00,'2012-12-18 08:11:01'),
	(27,28,2,310.00,'2012-12-18 08:11:01'),
	(28,28,0,12.00,'2012-12-18 08:11:19'),
	(30,28,0,12.00,'2012-12-18 08:11:57'),
	(37,18,0,12.00,'2012-12-18 22:30:50'),
	(43,18,0,12.00,'2012-12-19 02:29:06'),
	(44,18,0,12.00,'2012-12-19 05:09:24'),
	(47,18,0,12.00,'2012-12-19 17:56:43'),
	(48,18,0,12.00,'2012-12-19 17:56:47'),
	(49,18,0,12.00,'2012-12-20 03:51:11'),
	(50,18,0,12.00,'2012-12-20 04:19:18'),
	(51,18,0,12.00,'2012-12-20 05:58:48'),
	(53,18,0,12.00,'2012-12-20 20:07:29'),
	(54,18,0,12.00,'2012-12-21 01:14:59'),
	(55,18,0,12.00,'2012-12-21 01:33:25'),
	(56,18,2,500.00,'2012-12-21 01:33:25'),
	(57,18,0,12.00,'2012-12-21 01:35:36'),
	(58,18,2,500.00,'2012-12-21 01:35:36'),
	(59,18,0,12.00,'2012-12-21 01:37:52'),
	(60,18,2,500.00,'2012-12-21 01:37:52'),
	(61,18,0,12.00,'2012-12-21 01:38:50'),
	(62,18,2,500.00,'2012-12-21 01:38:50'),
	(63,18,0,12.00,'2012-12-21 01:40:34'),
	(64,18,2,500.00,'2012-12-21 01:40:34'),
	(65,18,0,12.00,'2012-12-21 01:41:29'),
	(66,18,2,500.00,'2012-12-21 01:41:29'),
	(67,18,0,12.00,'2012-12-21 01:42:10'),
	(68,18,2,500.00,'2012-12-21 01:42:10'),
	(69,18,0,12.00,'2012-12-21 06:17:55'),
	(70,18,2,500.00,'2012-12-21 06:17:55'),
	(71,17,0,12.00,'2012-12-21 14:49:24'),
	(72,18,0,12.00,'2012-12-21 15:36:06'),
	(74,18,0,12.00,'2012-12-21 15:38:08'),
	(75,18,0,12.00,'2012-12-21 15:38:34'),
	(76,18,2,500.00,'2012-12-21 15:38:34'),
	(77,18,0,12.00,'2012-12-21 15:41:40'),
	(78,18,2,500.00,'2012-12-21 15:41:40'),
	(79,18,0,12.00,'2012-12-21 15:47:13'),
	(80,18,0,12.00,'2012-12-21 15:47:18'),
	(82,18,0,12.00,'2012-12-21 15:48:40'),
	(84,18,0,12.00,'2012-12-21 15:49:46'),
	(85,18,0,12.00,'2012-12-21 15:50:43'),
	(86,18,0,12.00,'2012-12-21 15:52:24'),
	(87,18,0,12.00,'2012-12-21 15:54:26'),
	(88,18,0,12.00,'2012-12-21 15:54:51'),
	(89,18,0,12.00,'2012-12-21 15:55:26'),
	(91,18,0,12.00,'2012-12-21 15:57:13'),
	(92,18,0,12.00,'2012-12-21 15:58:52'),
	(94,18,0,12.00,'2012-12-21 15:59:04'),
	(95,18,0,12.00,'2012-12-21 15:59:37'),
	(96,18,0,12.00,'2012-12-21 16:00:57'),
	(97,18,0,12.00,'2012-12-21 16:01:52'),
	(98,18,0,12.00,'2012-12-21 16:03:11'),
	(99,18,0,12.00,'2012-12-21 16:03:25'),
	(100,18,2,500.00,'2012-12-21 16:03:25'),
	(101,18,0,12.00,'2012-12-21 16:28:17'),
	(102,18,2,500.00,'2012-12-21 16:28:17'),
	(103,18,0,12.00,'2012-12-21 16:29:33'),
	(104,18,0,12.00,'2012-12-21 16:30:15'),
	(105,18,0,12.00,'2012-12-21 16:30:59'),
	(106,18,0,12.00,'2012-12-21 16:31:41'),
	(107,18,2,500.00,'2012-12-21 16:31:41'),
	(108,18,0,12.00,'2012-12-21 16:32:40'),
	(109,18,2,500.00,'2012-12-21 16:32:40'),
	(110,18,0,12.00,'2012-12-21 16:33:33'),
	(111,18,2,500.00,'2012-12-21 16:33:33'),
	(112,18,0,12.00,'2012-12-21 16:42:09'),
	(113,18,2,500.00,'2012-12-21 16:43:15'),
	(114,18,0,12.00,'2012-12-21 16:43:15'),
	(115,37,0,12.00,'2012-12-21 20:12:46'),
	(116,37,0,12.00,'2012-12-21 20:13:11'),
	(117,37,0,12.00,'2012-12-21 20:13:16'),
	(118,28,0,5.00,'2012-12-22 05:09:10'),
	(119,18,0,12.00,'2012-12-22 20:21:36'),
	(120,18,2,500.00,'2012-12-22 20:22:25'),
	(121,18,0,12.00,'2012-12-22 20:22:25'),
	(122,18,2,500.00,'2012-12-22 20:25:36'),
	(123,18,0,12.00,'2012-12-22 20:25:36'),
	(124,18,0,5.00,'2013-01-14 05:46:06'),
	(135,18,0,5.00,'2013-01-16 06:23:05'),
	(136,28,0,23.00,'2013-01-16 07:18:45'),
	(137,28,0,10.00,'2013-01-16 11:33:51'),
	(138,28,0,10.00,'2013-01-16 11:34:17'),
	(139,28,0,10.00,'2013-01-16 11:45:19'),
	(140,28,0,23.00,'2013-01-16 11:45:51'),
	(142,28,0,10.00,'2013-01-18 03:40:34'),
	(144,18,0,10.00,'2013-01-18 05:31:19'),
	(146,18,0,10.00,'2013-01-18 05:40:56'),
	(147,18,0,10.00,'2013-01-18 05:43:03'),
	(148,18,0,10.00,'2013-01-18 05:43:45'),
	(149,28,0,10.00,'2013-01-18 06:31:13'),
	(150,28,0,10.00,'2013-01-18 06:32:11'),
	(151,28,0,10.00,'2013-01-18 07:42:28'),
	(152,28,0,23.00,'2013-01-18 08:33:02'),
	(153,28,0,10.00,'2013-01-18 09:07:30'),
	(154,28,0,10.00,'2013-01-18 09:08:15'),
	(155,28,0,12.00,'2013-01-18 16:31:14'),
	(156,28,0,12.00,'2013-01-18 16:58:36'),
	(157,28,0,12.00,'2013-01-18 17:00:26'),
	(158,28,0,12.00,'2013-01-18 17:02:23'),
	(159,28,0,5.00,'2013-01-18 17:29:08'),
	(160,28,0,12.00,'2013-01-18 17:39:25'),
	(161,18,0,10.00,'2013-01-25 21:00:50'),
	(162,18,0,10.00,'2013-01-25 21:02:46'),
	(163,18,0,10.00,'2013-01-25 21:03:02'),
	(178,18,0,5.00,'2013-02-23 23:41:37'),
	(188,18,0,10.00,'2013-02-23 23:54:06'),
	(189,18,0,10.00,'2013-02-23 23:54:07'),
	(190,18,0,10.00,'2013-02-23 23:55:43'),
	(191,18,0,10.00,'2013-02-23 23:57:16'),
	(192,18,0,10.00,'2013-02-23 23:57:49'),
	(193,18,0,10.00,'2013-02-23 23:59:07'),
	(194,18,0,10.00,'2013-02-23 23:59:22'),
	(195,18,0,10.00,'2013-02-24 00:03:30'),
	(196,18,0,10.00,'2013-02-24 00:03:53'),
	(212,18,0,10.00,'2013-02-24 00:23:54'),
	(213,18,0,10.00,'2013-02-24 00:24:13'),
	(221,18,0,10.00,'2013-02-24 00:59:12'),
	(225,18,0,10.00,'2013-02-24 00:59:59'),
	(227,18,0,10.00,'2013-02-24 01:02:35'),
	(228,18,0,10.00,'2013-02-24 01:11:30'),
	(229,18,0,10.00,'2013-02-24 01:11:38'),
	(243,18,0,10.00,'2013-02-24 02:10:59'),
	(246,18,0,10.00,'2013-02-24 02:11:15'),
	(257,18,0,10.00,'2013-02-24 02:22:18'),
	(261,18,0,10.00,'2013-02-24 02:34:40'),
	(264,18,0,10.00,'2013-02-24 02:41:55'),
	(266,18,0,10.00,'2013-02-24 02:42:05'),
	(289,18,0,10.00,'2013-02-24 08:19:20'),
	(291,18,0,10.00,'2013-02-24 08:26:11'),
	(294,18,0,10.00,'2013-02-24 08:34:11'),
	(295,18,0,10.00,'2013-02-24 08:34:28'),
	(299,18,0,23.00,'2013-02-24 20:02:10'),
	(303,18,0,23.00,'2013-02-24 22:07:51'),
	(311,18,0,10.00,'2013-03-11 20:31:09'),
	(314,18,0,10.00,'2013-03-11 20:36:41'),
	(333,18,0,10.00,'2013-03-16 02:30:00'),
	(336,18,0,10.00,'2013-03-16 04:23:43'),
	(341,18,0,10.00,'2013-03-16 05:06:21'),
	(346,18,0,10.00,'2013-03-16 18:31:35'),
	(347,18,0,10.00,'2013-03-16 18:31:49'),
	(350,18,0,10.00,'2013-03-16 18:32:39'),
	(352,18,0,10.00,'2013-03-16 18:32:52'),
	(354,18,0,10.00,'2013-03-16 19:32:41'),
	(356,18,0,10.00,'2013-03-16 19:56:55'),
	(357,18,0,10.00,'2013-03-16 19:57:07'),
	(358,18,0,10.00,'2013-03-16 19:58:27'),
	(360,18,0,8.00,'2013-03-16 20:08:32'),
	(361,18,0,8.00,'2013-03-16 20:11:08'),
	(362,18,0,10.00,'2013-03-16 20:38:20'),
	(365,18,0,10.00,'2013-03-16 20:47:15'),
	(366,18,0,10.00,'2013-03-16 20:51:07'),
	(367,18,0,10.00,'2013-03-16 20:51:28'),
	(369,18,0,10.00,'2013-03-16 20:51:56'),
	(370,18,0,10.00,'2013-03-16 20:52:19'),
	(371,18,0,10.00,'2013-03-16 21:20:13'),
	(372,18,0,10.00,'2013-03-16 21:21:32'),
	(376,18,0,10.00,'2013-03-16 22:49:26'),
	(377,18,0,10.00,'2013-03-16 23:03:24'),
	(378,18,0,10.00,'2013-03-16 23:04:00'),
	(379,18,0,10.00,'2013-03-17 01:54:04'),
	(380,18,0,10.00,'2013-03-17 01:54:43'),
	(381,18,0,10.00,'2013-03-17 02:20:51'),
	(382,18,0,10.00,'2013-03-17 02:24:33'),
	(383,18,0,10.00,'2013-03-17 02:33:43'),
	(384,18,0,10.00,'2013-03-17 02:37:50'),
	(385,18,0,10.00,'2013-03-17 02:37:57'),
	(386,18,0,10.00,'2013-03-17 02:38:08'),
	(387,18,0,10.00,'2013-03-17 02:38:36'),
	(388,18,0,10.00,'2013-03-17 02:39:32'),
	(389,18,0,10.00,'2013-03-17 02:39:58'),
	(390,18,0,10.00,'2013-03-17 02:40:12'),
	(391,18,0,10.00,'2013-03-17 02:41:01'),
	(392,18,0,10.00,'2013-03-17 02:41:09'),
	(393,18,0,10.00,'2013-03-17 02:42:58'),
	(394,18,0,10.00,'2013-03-17 02:43:09'),
	(395,18,0,10.00,'2013-03-17 02:43:13'),
	(396,18,0,10.00,'2013-03-17 02:43:25'),
	(397,18,0,10.00,'2013-03-17 02:47:42'),
	(398,18,0,10.00,'2013-03-17 02:47:46'),
	(399,18,0,10.00,'2013-03-17 02:48:41'),
	(400,18,0,10.00,'2013-03-17 02:48:51'),
	(401,18,0,10.00,'2013-03-17 02:48:55'),
	(402,18,0,10.00,'2013-03-17 02:49:58'),
	(403,18,0,10.00,'2013-03-17 02:50:04'),
	(404,18,0,10.00,'2013-03-17 02:53:17'),
	(405,18,0,10.00,'2013-03-17 02:53:27'),
	(406,18,0,10.00,'2013-03-17 02:53:38'),
	(407,18,0,10.00,'2013-03-17 02:53:44'),
	(408,18,0,10.00,'2013-03-17 02:58:01'),
	(409,18,0,10.00,'2013-03-17 03:01:25'),
	(410,18,0,10.00,'2013-03-17 03:01:32'),
	(411,18,0,10.00,'2013-03-17 03:02:22'),
	(412,18,0,10.00,'2013-03-17 03:02:30'),
	(413,18,0,10.00,'2013-03-17 03:05:46'),
	(414,18,0,10.00,'2013-03-17 03:05:57'),
	(415,18,0,10.00,'2013-03-17 03:07:48'),
	(416,18,0,10.00,'2013-03-17 03:08:44'),
	(417,18,0,10.00,'2013-03-17 03:09:29'),
	(418,18,0,10.00,'2013-03-17 03:10:05'),
	(419,18,0,10.00,'2013-03-17 03:10:09'),
	(420,18,0,10.00,'2013-03-17 03:12:56'),
	(421,18,0,10.00,'2013-03-17 03:13:00'),
	(422,18,0,10.00,'2013-03-17 03:13:04'),
	(423,18,0,10.00,'2013-03-17 03:13:06'),
	(424,18,0,10.00,'2013-03-17 03:32:58'),
	(425,18,0,10.00,'2013-03-17 03:33:02'),
	(426,18,0,10.00,'2013-03-17 03:33:05'),
	(427,18,0,10.00,'2013-03-17 03:33:08'),
	(428,18,0,10.00,'2013-03-17 03:33:11'),
	(429,18,0,10.00,'2013-03-17 03:33:36'),
	(430,18,0,10.00,'2013-03-17 04:55:13'),
	(431,18,0,10.00,'2013-03-17 05:06:59'),
	(432,18,0,10.00,'2013-03-17 05:07:10'),
	(433,18,0,10.00,'2013-03-17 05:07:22'),
	(434,18,0,10.00,'2013-03-17 05:07:58'),
	(435,18,0,10.00,'2013-03-17 05:10:24'),
	(436,18,0,10.00,'2013-03-17 05:31:26'),
	(437,18,0,10.00,'2013-03-17 05:51:18'),
	(438,18,0,10.00,'2013-03-17 05:53:28'),
	(439,18,0,10.00,'2013-03-17 19:35:18'),
	(440,18,0,10.00,'2013-03-17 19:35:25'),
	(441,18,0,10.00,'2013-03-18 00:30:43'),
	(442,18,0,10.00,'2013-03-18 05:10:05'),
	(443,18,0,10.00,'2013-03-18 05:10:11'),
	(444,18,0,10.00,'2013-03-18 05:14:45'),
	(445,18,0,10.00,'2013-03-18 05:16:09'),
	(446,18,0,10.00,'2013-03-18 05:16:57'),
	(447,18,0,10.00,'2013-03-18 05:17:07'),
	(448,18,0,10.00,'2013-03-18 05:17:12'),
	(449,18,0,10.00,'2013-03-18 05:17:16'),
	(450,18,0,10.00,'2013-03-18 05:18:04'),
	(451,18,0,10.00,'2013-03-18 23:20:28'),
	(452,18,0,10.00,'2013-03-18 23:20:45'),
	(453,18,0,10.00,'2013-03-20 01:28:52'),
	(454,18,0,10.00,'2013-03-21 02:18:58'),
	(455,18,0,10.00,'2013-03-21 02:19:22'),
	(456,17,0,10.00,'2013-03-21 02:28:00'),
	(457,17,0,10.00,'2013-03-21 02:28:36'),
	(458,18,0,10.00,'2013-03-21 02:39:48'),
	(459,18,0,10.00,'2013-03-21 02:40:27'),
	(460,18,0,10.00,'2013-03-21 02:40:34'),
	(461,17,0,10.00,'2013-03-21 02:45:08'),
	(463,18,0,10.00,'2013-03-21 06:52:51'),
	(464,18,0,10.00,'2013-03-21 06:52:55'),
	(465,18,0,10.00,'2013-03-21 20:17:18'),
	(466,18,0,10.00,'2013-03-21 20:17:39'),
	(467,18,0,10.00,'2013-03-22 01:01:47'),
	(468,18,0,10.00,'2013-03-22 01:02:02'),
	(469,17,0,10.00,'2013-03-27 18:51:38'),
	(470,17,0,10.00,'2013-03-28 02:52:32'),
	(471,17,0,10.00,'2013-03-28 18:27:02'),
	(472,17,0,10.00,'2013-03-28 18:27:23'),
	(473,17,0,10.00,'2013-03-30 03:05:05'),
	(474,17,0,10.00,'2013-03-30 03:05:38'),
	(476,46,0,10.00,'2013-03-30 05:02:38'),
	(477,46,0,10.00,'2013-03-30 05:02:56'),
	(478,46,0,10.00,'2013-03-30 05:03:06'),
	(479,18,0,10.00,'2013-04-01 18:05:43'),
	(480,18,0,10.00,'2013-04-01 18:05:46'),
	(481,18,0,10.00,'2013-04-01 18:05:49'),
	(482,18,0,10.00,'2013-04-01 19:00:11'),
	(483,18,0,10.00,'2013-04-04 00:19:22'),
	(484,18,0,30.00,'2013-04-07 04:06:04'),
	(485,18,0,30.00,'2013-04-07 04:06:39'),
	(486,18,0,10.00,'2013-04-07 04:07:04'),
	(487,18,0,10.00,'2013-04-09 17:10:27'),
	(488,18,0,10.00,'2013-04-09 17:11:48'),
	(489,15,0,10.00,'2013-04-09 17:12:13'),
	(490,15,0,10.00,'2013-04-09 18:01:12'),
	(491,45,0,10.00,'2013-06-01 01:33:07'),
	(492,45,0,10.00,'2013-06-01 19:46:49'),
	(494,45,0,10.00,'2013-06-01 19:50:39'),
	(495,45,0,10.00,'2013-06-01 20:11:23'),
	(496,45,0,10.00,'2013-06-01 21:09:54'),
	(497,45,0,10.00,'2013-06-01 21:09:59'),
	(498,17,0,10.00,'2013-06-06 02:33:48'),
	(499,17,0,10.00,'2013-06-06 02:34:04'),
	(500,45,0,30.00,'2013-06-17 00:56:02'),
	(501,45,0,10.00,'2013-06-17 00:56:24'),
	(508,45,0,10.00,'2013-06-21 23:07:57'),
	(509,45,0,10.00,'2013-06-21 23:08:01'),
	(510,45,0,10.00,'2013-06-21 23:08:52'),
	(523,45,0,5.00,'2013-06-21 23:16:40'),
	(524,45,0,5.00,'2013-06-21 23:25:24'),
	(525,45,0,7.50,'2013-06-21 23:26:05'),
	(526,45,0,7.50,'2013-06-21 23:26:14'),
	(527,17,0,7.50,'2013-06-22 01:43:12'),
	(528,17,0,10.00,'2013-06-22 02:43:06'),
	(529,17,0,30.00,'2013-06-22 02:43:17'),
	(530,45,0,7.50,'2013-06-22 16:32:57'),
	(531,45,0,10.00,'2013-06-23 18:14:25'),
	(532,17,0,21.00,'2013-06-23 19:24:24'),
	(533,17,0,7.50,'2013-06-23 21:21:27'),
	(534,28,0,10.00,'2013-09-10 19:00:00');

/*!40000 ALTER TABLE `uBillingAudit` ENABLE KEYS */;
UNLOCK TABLES;


# Dump of table users
# ------------------------------------------------------------

DROP TABLE IF EXISTS `users`;

CREATE TABLE `users` (
  `id` int(10) NOT NULL AUTO_INCREMENT,
  `email` varbinary(50) NOT NULL DEFAULT '',
  `first_name` varchar(15) COLLATE utf8_bin DEFAULT NULL,
  `last_name` varchar(15) COLLATE utf8_bin DEFAULT NULL,
  `address` varbinary(100) DEFAULT NULL,
  `city` varchar(25) COLLATE utf8_bin DEFAULT NULL,
  `state` varchar(2) COLLATE utf8_bin DEFAULT NULL,
  `zipcode` varchar(5) COLLATE utf8_bin DEFAULT NULL,
  `paymentid` int(10) DEFAULT NULL,
  `balance` decimal(10,2) NOT NULL DEFAULT '0.00',
  `web_token` varchar(100) COLLATE utf8_bin DEFAULT NULL,
  `created` datetime DEFAULT NULL,
  `lastlogin` datetime DEFAULT NULL,
  `pincode` varchar(50) COLLATE utf8_bin DEFAULT NULL,
  `phone` varbinary(100) DEFAULT NULL,
  `mobile_token` varchar(100) COLLATE utf8_bin DEFAULT NULL,
  `status` tinyint(1) NOT NULL DEFAULT '0',
  `address2` varbinary(100) DEFAULT '',
  `last_message` int(5) NOT NULL DEFAULT '0',
  `sex` varchar(1) COLLATE utf8_bin DEFAULT NULL,
  `tz` varchar(25) COLLATE utf8_bin NOT NULL DEFAULT '',
  PRIMARY KEY (`id`),
  KEY `id_webToken` (`web_token`),
  KEY `id_mobileToken` (`mobile_token`)
) ENGINE=InnoDB DEFAULT CHARSET=utf8 COLLATE=utf8_bin;

LOCK TABLES `users` WRITE;
/*!40000 ALTER TABLE `users` DISABLE KEYS */;

INSERT INTO `users` (`id`, `email`, `first_name`, `last_name`, `address`, `city`, `state`, `zipcode`, `paymentid`, `balance`, `web_token`, `created`, `lastlogin`, `pincode`, `phone`, `mobile_token`, `status`, `address2`, `last_message`, `sex`, `tz`)
VALUES
	(10,X'B9A64FD130AA0A8DCB524B28E53588D47F1A376EC7CC8D229B10F64809A8CD41',X'747269786965',X'706C6173746963',X'EC423BD10A6A7F7F36C8DC2D21845516',X'506C796D6F757468',X'4D41',X'3438373536',NULL,1470.00,X'32736575374567796B464B354167496F623844734B4D314151697A636D367851394353584773496C75576B6379576F464C344D4C56586E7A576F62334931734F',NULL,'2012-04-29 21:16:20',X'37313130656461346430396530363261613565346133393062306135373261633064326330323230',X'89B90A68DFE72B950795D874B426BDD4',NULL,0,X'0ADC9A902CE9D7F94C2D06AFAAC640C7',0,NULL,X'416D65726963612F4C6F735F416E67656C6573'),
	(12,X'5A4DE280A6C5A11F486A56C38E1F5BC2B7C3A8C3835BC593E280A2E280A25338C3962118E280B944',NULL,NULL,NULL,NULL,NULL,NULL,NULL,100.00,X'5043665865677567374F4D5A4467666F48333765514D386758644D716B305665474548474B314B684B3066344379353367686E536737344F416E53597A313279',NULL,'2012-04-30 05:27:21',NULL,NULL,NULL,0,NULL,0,NULL,X'416D65726963612F4C6F735F416E67656C6573'),
	(14,X'2AC386174F68C39EC29DE280A67CC2BC77C3BDC3A1C3B4C3913BE280A2E280A25338C3962118E280',X'547265766F72',X'426F7373657274',NULL,NULL,NULL,NULL,NULL,150.00,X'73706C7A5559353974554D50647153544335794E78715A6E6941447542774E67325458326A51764C61616A6C6233546938506A57652D6D525156377A68554D4D','2012-04-29 21:31:43','2012-04-29 21:31:43',NULL,NULL,NULL,0,NULL,0,NULL,X'416D65726963612F4C6F735F416E67656C6573'),
	(15,X'B9A64FD130AA0A8DCB524B28E53588D47F1A376EC7CC8D229B10F64809A8CD41',X'747269786965',X'706C6173746963',X'EC423BD10A6A7F7F36C8DC2D21845516',X'506C796D6F757468',X'4D41',X'',NULL,830.00,X'703033414B7179695852456766483748325F302D76695036515337703872357346646E6943774F7264647A6B58736650344A734B7072675A6A31657849465848','2012-04-29 21:33:47','2012-10-20 22:26:25',X'37313130656461346430396530363261613565346133393062306135373261633064326330323230',X'89B90A68DFE72B950795D874B426BDD4',X'786446697733374762324E39586A75675A7A50716F764848774331464E614635755367564837746F344D444166655A6C494D644F4F753162494E71323139695A',0,NULL,0,NULL,X'416D65726963612F4C6F735F416E67656C6573'),
	(16,X'EF11D7BFBB181C158CCDF7B3866FF38978EDDAD9F10510E3D7DFF1268A81C8A9',X'44616E69656C',X'4A656E73656E',NULL,NULL,NULL,NULL,NULL,0.00,X'476F3639656344494A3872564D366966594D6E7A5171794A4E54715164354E6C6743614E57383857704D766F66584C725A7644456B6E586D59706F44337A3334','2012-05-14 20:18:30','2012-05-14 20:18:30',X'',X'30303030303030303030',NULL,0,NULL,0,NULL,X'416D65726963612F4C6F735F416E67656C6573'),
	(17,X'5A4D859A1F486A56CE1F5BB7E8C35B9C95955338D621188B44F8F38AD08EE0A8',X'44616E69656C',X'4A656E73656E',X'04502C50E1D71ACE11B6F8D321F6FF9C',X'526F756E6420526F636B',X'5458',X'3738363831',NULL,50.72,X'6961464150634246315F6D676E455444532D50346D4E6B73663161566C4E666A78446D334A595A625A5A763470467A515A41486D7246676C4143474B61744864','2012-06-07 02:14:17','2013-06-30 01:39:16',X'63346532613931363264353161336466383032326533616165323663303534623362356461343662',X'DF3B70B665A203A579932015E62F1E08',X'57314539455A443059616378794579436B535746643074644F70316634414E384F5776546173596F70623061753555666455776E6E586B6D4B646D3545445875',0,X'4C7E0E7E1D78BFDF620ED5E7B6D710F4',0,NULL,X'416D65726963612F4C6F735F416E67656C6573'),
	(18,X'AC55CD7B49CF3FEA0B708561AA8789D92269BCD491629E98552E20C279AE9527',X'547265766F72',X'426F7373657274',X'00B7BC67F9F23B26477F6153E8A3F182513294659D5F0E2FB3CD5EFA972008A1',X'57616C6E757420437265656B',X'4341',X'3934353936',NULL,1760.25,X'475961367A73434B7771385A67496246325745497062324B4D4A476D784B76545750693337553271424D355168616E7979303362526948556873796871594B63','2012-06-19 01:05:02','2013-04-07 03:20:38',X'37313130656462346430396530363261613565346133393062306135373261633064326330323230',X'89B90A68DFE72B950795D874B426BDD4',NULL,0,X'4C7E0E7E1D78BFDF620ED5E7B6D710F4',0,X'6D',X'416D65726963612F4C6F735F416E67656C6573'),
	(19,X'C3FB771812C739A77531F4C954AE52FDF41388C445963EF9A2094BB350C5F3A0',X'52617669',X'4D616B68696A61',NULL,NULL,NULL,NULL,NULL,0.00,X'30534C4F6A7875335362344C2D56533577416E464B786E476F515954697541393337636E4F436D3164646C754B694D43664D7064544B3667706A666941674F63','2012-08-04 08:45:27','2012-08-04 08:45:27',NULL,NULL,NULL,0,NULL,0,NULL,X'416D65726963612F4C6F735F416E67656C6573'),
	(20,X'6DDD40EC600BB2991117CCB51B8FC0617E54F902BA7DD23C4EAE260541BEE0D9',X'5061727468',X'4268617474',NULL,NULL,NULL,NULL,NULL,0.00,X'4B5A746F4B66424E4C7879586377644E6C366D454A5451657A6C344C36456B37366F6974527175703149437262444C765871496C7A4454337637494E41376666','2012-08-07 18:34:06','2012-08-30 17:31:05',NULL,NULL,NULL,0,NULL,0,NULL,X'416D65726963612F4C6F735F416E67656C6573'),
	(21,X'5C81854DCCE5FC76FD7AE195116111C3F41388C445963EF9A2094BB350C5F3A0',X'53616E7461',X'42616E7461',NULL,NULL,NULL,NULL,NULL,0.00,X'366E72574D365F684351663066546355727058766A49487A346373776738446E6F6F75656F6B6A51355347497A71776D4F6959454F524E44555F664975654953','2012-08-15 18:47:36','2012-08-28 18:31:25',NULL,NULL,NULL,0,NULL,0,NULL,X'416D65726963612F4C6F735F416E67656C6573'),
	(22,X'4359FFFA87955AB3482B87483540DE194612CF93BDCC0F8DE36314511B402984',X'4D616E6775',X'48696E67616C61',NULL,NULL,NULL,NULL,NULL,0.00,X'56696B5A4169307757634B643154384D464156327A574959347A6B706D5170595F414C6F456536526C33765935763145353264793450695A526E5574532D416F','2012-08-30 17:28:06','2012-09-10 19:09:41',NULL,NULL,NULL,0,NULL,0,NULL,X'416D65726963612F4C6F735F416E67656C6573'),
	(23,X'E903EE2339F039EC7D9F0A51FEAA4A42B44051C658F40455F27D60BD2D19C6F6',X'4D6F6E7A6F6F72',X'54616D616C',NULL,NULL,NULL,NULL,NULL,0.00,X'55665A35684E4B6F7A564141576B7278726F6E617A36675337746D5850484E746F344261615F5F31537937476A44495235564F6E4843544A3867526C77675849','2012-08-31 17:19:37','2012-08-31 17:19:37',NULL,NULL,NULL,0,NULL,0,NULL,X'416D65726963612F4C6F735F416E67656C6573'),
	(24,X'6A626F7373657274407A756E656669742E636F6D',X'4A757374696E',X'426F7373657274',X'3337303120436F756E747920526F616420363333',X'477261776E',X'4D49',X'3439363337',NULL,0.00,X'62627A6671513871356E72417945794B506441444475336142766F6C346A6D3354426F705265426373474B7172356F304F41724A3439726E3644554541412D53','2012-10-14 19:38:05','2012-10-14 19:38:05',X'31323334',X'9E3654D7656E058AB87FFEF423A4AAB8',NULL,0,NULL,0,NULL,X'416D65726963612F4C6F735F416E67656C6573'),
	(25,X'1935E519A77842555B4FE48705A1177B444D2C59BE41D90BB86A071CBA3F9F34',X'756E646566696E6564',X'756E646566696E6564',NULL,NULL,NULL,NULL,NULL,0.00,X'676A35684C3049584C66704B43735F6A5264766949546174326C77506E4F6A4955507472564943705779324F726E4439444546414D4264612D44593148783034','2012-10-19 15:00:56','2012-10-19 15:00:56',NULL,NULL,NULL,0,NULL,0,NULL,X'416D65726963612F4C6F735F416E67656C6573'),
	(26,X'11513635E691F5B7624D169BAE4785B695955338D621188B44F8F38AD08EE0A8',X'4C617369746861',X'47756E6177617264656E61',NULL,NULL,NULL,NULL,NULL,0.00,X'6C65644D744849502D6E4C4D626B69656278614D34363868365136306E6D34747643615A4C5639437972625A426C4957646766614B644154414158736156576F','2012-10-22 17:14:16','2012-11-06 18:09:32',NULL,NULL,NULL,0,NULL,0,NULL,X'416D65726963612F4C6F735F416E67656C6573'),
	(27,X'34667EA3691516DC3DBFFFFE015BB8AC95955338D621188B44F8F38AD08EE0A8',X'676F7461',X'73616D65',X'4C7E0E7E1D78BFDF620ED5E7B6D710F4',X'',X'',X'',NULL,0.00,X'68395257444962694A7255556D475A6B32474C3378794D41397A592D423251745F74747A547871454A32667063735679784F514B424A503045414C4D61686564','2012-10-23 03:12:02','2012-12-17 06:38:53',NULL,NULL,NULL,0,NULL,0,NULL,X'416D65726963612F4C6F735F416E67656C6573'),
	(28,X'CDB56AFCA085D82FEE71CEACFF6F59062269BCD491629E98552E20C279AE9527',X'54616E7573686B61',X'42616C61736F6F72697961',X'15A8F99455B354602BFA5AEEC0671B06',X'636F6C6F6D626F',X'4E42',X'3130313135',NULL,9983.00,X'32375578597846685A444664426A623544386B4E4A46496259624F77593245646E3562734F7A5F494144354E544F5F437874576264525771494778737264304E','2012-10-23 03:12:15','2013-02-09 05:13:50',X'37313130656461346430396530363261613565346133393062306135373261633064326330323230',X'D42562F0AD7483EBF6494BA9F5B984DE',NULL,0,X'39CE928DFC3FBA15679030D1BD416366',0,NULL,X'416D65726963612F4C6F735F416E67656C6573'),
	(30,X'B810AD891FEFDE45C2F1077FBC2C4E8C95955338D621188B44F8F38AD08EE0A8',X'547265766F72',X'426F7373657274',X'00B7BC67F9F23B26477F6153E8A3F182163D3AF280855B90AB61DA8A405FF9EC',X'57616C6E757420437265656B',X'4341',X'3934353936',NULL,0.00,X'5243366A5F6D45384B62682D4E7A67626936466543354132394639466D59716C56366B36357434455474356A5977704E4F614C7368744E4B484F5A62614D574F','2012-11-19 20:37:45','2012-12-16 05:48:55',NULL,NULL,NULL,0,NULL,0,NULL,X'416D65726963612F4C6F735F416E67656C6573'),
	(31,X'5F0DAFFADAEC1D04D95617DF6072ED864612CF93BDCC0F8DE36314511B402984',X'54617261',X'42617973',NULL,NULL,NULL,NULL,NULL,0.00,NULL,'2012-11-19 20:40:18','2013-06-23 21:01:41',NULL,NULL,NULL,0,NULL,0,NULL,X'416D65726963612F4C6F735F416E67656C6573'),
	(32,X'CC1DFF1ED3C0A57E1678E2F3C12E75E62269BCD491629E98552E20C279AE9527',X'526179',X'50616E61686F6E',NULL,NULL,NULL,NULL,NULL,0.00,X'6A4356766744434F4C5046624D53546C526F57467853786F4B375A41543649755A4B6A62466D66746742455452375859774A6E4B2D78304C71615262715F5559','2012-11-19 21:49:22','2013-01-21 18:42:08',NULL,NULL,NULL,0,NULL,0,NULL,X'416D65726963612F4C6F735F416E67656C6573'),
	(33,X'1C1274B982FD3B080A205D1FC802CBF52269BCD491629E98552E20C279AE9527',X'416E75727564646861',X'53656E6164697261',NULL,NULL,NULL,NULL,NULL,0.00,X'5578764A336245475138496375323149573650785563587467326A36357068756A424654716C703734643638756D7A44755835665A5363664E686F706A635449','2012-11-20 14:11:40','2012-11-20 14:11:40',NULL,NULL,NULL,0,NULL,0,NULL,X'416D65726963612F4C6F735F416E67656C6573'),
	(34,X'2DDCCB0EB9D74C6AE13869A3BF288F482269BCD491629E98552E20C279AE9527',X'467265642047',X'53616E666F72642E',X'9A363BD778732709B11B7049046A4D53059C911A54F9597360825F0E5F52D41D',X'5761747473',X'4361',X'3930303032',NULL,0.00,X'61323470634B45712D6B565151726C57512D5345626B485A6B6272474D554F32575635713731436C4A3054356444525674556A616F4144785769725747693467','2012-11-21 13:00:50','2012-11-21 13:00:50',NULL,NULL,NULL,0,NULL,0,NULL,X'416D65726963612F4C6F735F416E67656C6573'),
	(35,X'9EF2E262EDB113208E4E4027B8D944AB78EDDAD9F10510E3D7DFF1268A81C8A9',X'4F72616E',X'5475726E6572',NULL,NULL,NULL,NULL,NULL,0.00,X'63586D43614966794F485837346E763933476338475A6F345944614169345F5F4C3635734D43714F71742D503732644278467754796368646A744F556C57784A','2012-11-21 23:33:55','2012-11-21 23:33:55',NULL,NULL,NULL,0,NULL,0,NULL,X'416D65726963612F4C6F735F416E67656C6573'),
	(36,X'3135C45A6281531B795C6B151F39C312E8FE2BC045B6B7630FFF2F9576ADA4A5',X'54616E7573686B61',X'73616A697468',NULL,NULL,NULL,NULL,NULL,0.00,X'315738624B316266715742795476734C482D6D6334344257617659764764793558587277484B687871687A4950653342334579644579616F7444497949303078','2012-11-30 03:55:34','2012-11-30 03:59:30',NULL,NULL,NULL,0,NULL,0,NULL,X'416D65726963612F4C6F735F416E67656C6573'),
	(37,X'9EF888EDD35B597348F2602BE28EE5E678EDDAD9F10510E3D7DFF1268A81C8A9',X'416E746F6E79',X'5A696D7A6F726573',X'8EDAFBE28BEE9A4B214B990CB84A5E2A',X'61757374696E',X'5458',X'3738373031',NULL,0.00,X'2D63476B61494166556B6E61527A456E62384E6F584E4F50432D63306378576D44726F6B38364A67495457316D4F6F4A68426C304A4E364F736C334978337765','2012-12-06 20:08:00','2012-12-21 20:11:44',X'64353732373230643130646633643330653131613764626361376266633365613961666534653436',X'B918CA59A5239A0AFE3FFC0A49151D8B',NULL,0,NULL,0,NULL,X'416D65726963612F4C6F735F416E67656C6573'),
	(38,X'9B10AA2F369A08B32630A3BEEB57596278EDDAD9F10510E3D7DFF1268A81C8A9',X'44656E6E6973',X'4B6173686B696E',NULL,NULL,NULL,NULL,NULL,0.00,X'71484E4E346D6C6E4667414B662D4979436574666F704D4E67774D414263325A5A2D64592D5865576F512D484B36525A566149716661684157557551476B3668','2012-12-10 22:05:41','2012-12-10 22:05:41',NULL,NULL,NULL,0,NULL,0,NULL,X'416D65726963612F4C6F735F416E67656C6573'),
	(39,X'B5561FF63523CF81D8AC5DDFEC7918362269BCD491629E98552E20C279AE9527',X'526179',X'50616E61686F6E',NULL,NULL,NULL,NULL,NULL,0.00,X'686B4B4579356D556B33524B393168396D746979644A75765F587A717671586A496C743165566F4C4C4C4A4A4C4334536843735142646C7A6B6C6A6875667457','2012-12-11 01:37:53','2013-01-27 01:00:59',NULL,NULL,NULL,0,NULL,0,NULL,X'416D65726963612F4C6F735F416E67656C6573'),
	(40,X'7D3C46BBC0CC983F4E974D83CD1627E778EDDAD9F10510E3D7DFF1268A81C8A9',X'547265766F72',X'426F7373657274',NULL,NULL,NULL,NULL,NULL,0.00,X'555F34703248664D4C46435A3852663178673472704745334A6F76394258486B434C647A454A653067374B2D774C34384845315A6F5A525430517A6543466E7A','2012-12-19 18:43:12','2013-03-26 18:14:26',NULL,NULL,NULL,0,NULL,0,NULL,X'416D65726963612F4C6F735F416E67656C6573'),
	(41,X'971F6670B123D3F86CD4CF9C6309D43C7E54F902BA7DD23C4EAE260541BEE0D9',X'42616B617269',X'5461796C6F72',NULL,NULL,NULL,NULL,NULL,0.00,X'595444664334455933637531306466794B526350636478655465663853735456707234634764374B6C684E6D70744653546763502D443644716F7834516B4E4E','2012-12-28 03:13:41','2013-03-21 02:43:35',NULL,NULL,NULL,0,NULL,0,NULL,X'416D65726963612F4C6F735F416E67656C6573'),
	(42,X'C6612DD4DBD05CD2122A0CD95019E3C4FAD79030C1C9C92A2B0005C7A16E0F03',X'436F6E726164',X'4D6172',NULL,NULL,NULL,NULL,NULL,0.00,X'6747566B474A663749324F6332376A42504773337831764330766244776C594A7541524D4D72703074345255424D7A7775467762684E6B4F525A6D71756D726A','2013-01-21 18:42:02','2013-01-21 18:42:02',NULL,NULL,NULL,0,NULL,0,NULL,X'416D65726963612F4C6F735F416E67656C6573'),
	(43,X'071FE073682E45DD41E67A7CD9E62D30A2058F4761787748F493E61850B46712',X'456C656E61',X'416E647265657661',NULL,NULL,NULL,NULL,NULL,0.00,X'4E47617A684F46736376556D386C4A623067343475684166413473475A6A475F664E447A56424A314C4C69494D5A6A4C764E4D58334762455974547339413164','2013-02-03 23:21:10','2013-02-17 16:42:43',NULL,NULL,NULL,0,'',0,NULL,X''),
	(44,X'8E1D672556FC0E950955657250DCF6B33D5F5D51D0B4B2EB4D0BED5908AFBB7A',X'D095D0BBD0B5D0BDD0B0',X'D090D0BDD0B4D180D0B5D0B5D0B2D0B0',NULL,NULL,NULL,NULL,NULL,0.00,X'4C6D433132464C794A35372D7237775241587A395161733070715F497A50615F2D7147425644306B6B4175336877517761397878306C37416D63676437645336','2013-02-25 22:03:32','2013-02-25 22:03:32',NULL,NULL,NULL,0,'',0,NULL,X''),
	(45,X'B7C38454AE0DB8012039D3214C77A305A89D06920CCA833B1096118D5EF412D3',X'547265766F72',X'426F7373657274',X'00B7BC67F9F23B26477F6153E8A3F182AA560C650085DD69957D9B2C136A32D3',X'57616C6E757420437265656B',X'414B',X'3934353936',NULL,155.00,X'49585046434F5A4264583952336551574544735049686475457578695857675F6666597A5454616D78485A36494D657466584536324F53566E7455447569497A','2013-03-21 16:13:23','2013-06-23 21:26:23',NULL,NULL,NULL,0,X'4C7E0E7E1D78BFDF620ED5E7B6D710F4',0,NULL,X''),
	(46,X'2AC6174F68DE9D857CBC77FDE1F4D13B95955338D621188B44F8F38AD08EE0A8',X'547265766F72',X'426F7373657274',X'188831DAAF206DDAA822BB39F142CCE4',X'77616C6E757420637265656B',X'6361',X'3934353936',NULL,30.00,X'31475A4F383668774A44644E656F647A667A4C616264366C55397067315349644776473177754561446E7076586A454A636C572D575978677349317945433950','2013-03-30 05:00:06','2013-03-30 05:00:06',NULL,NULL,NULL,0,X'4C7E0E7E1D78BFDF620ED5E7B6D710F4',0,NULL,X''),
	(47,X'BE3988B54B8B5E72CFFFD08228C2925495955338D621188B44F8F38AD08EE0A8',X'416C6578',X'417277696E65',NULL,NULL,NULL,NULL,NULL,0.00,X'4D576F6E593534796B61424255794974374346796963727751464D334F5856337135543435344573794D4F6C4E75455052583855346B727A35536A3071505471','2013-04-08 18:56:08','2013-04-08 18:56:08',NULL,NULL,NULL,0,'',0,NULL,X''),
	(48,X'C20006232D66699D2E055CA2FE7C317AE3289531080369BC17E6F3B73FE22143',X'4F72616E',X'5475726E6572',NULL,NULL,NULL,NULL,NULL,0.00,NULL,'2013-06-11 12:34:50','2013-06-11 12:34:50',NULL,NULL,NULL,0,'',0,NULL,X'');

/*!40000 ALTER TABLE `users` ENABLE KEYS */;
UNLOCK TABLES;



--
-- Dumping routines (PROCEDURE) for database 'fitstew'
--
DELIMITER ;;

# Dump of PROCEDURE addEvent
# ------------------------------------------------------------

/*!50003 DROP PROCEDURE IF EXISTS `addEvent` */;;
/*!50003 SET SESSION SQL_MODE=""*/;;
/*!50003 CREATE*/ /*!50020 DEFINER=`root`@`localhost`*/ /*!50003 PROCEDURE `addEvent`(IN uID int(11), IN price DECIMAL(10,2), IN scID int(11), IN gymid int(10), IN dateTime datetime)
BEGIN
 
 
DECLARE transMess varchar(100);
DECLARE sID int(11);
DECLARE EXIT HANDLER FOR SQLEXCEPTION,NOT FOUND,SQLWARNING
BEGIN
  ROLLBACK;
  SELECT transMess;
  
END;
 

START TRANSACTION;
SET transMess= "unable to add class";
INSERT INTO uBillingAudit (uid,action,amount,timestamp) VALUES(uID,0,price,NOW());
IF ROW_COUNT() > 0 THEN
	INSERT INTO schedule (userid,gymid,sclassid,price,datetime) VALUES(uID,gymid,scID,price,dateTime);
    IF ROW_COUNT() < 1 THEN
        SET transMess = "class already scheduled";
        ROLLBACK;
    ELSE
		SET sID = LAST_INSERT_ID();
		UPDATE users u INNER JOIN schedule s ON u.id = s.userid SET u.balance = u.balance - s.price WHERE u.id = uID AND s.id = sID AND u.balance - s.price >= 0;
		IF ROW_COUNT() < 1 THEN
			SET transMess = "insufficient balance";
			ROLLBACK;
		ELSE
			UPDATE gymBilling gb INNER JOIN schedule s ON gb.gid = s.gymid INNER JOIN gyms g ON g.id = gb.gid SET zcom = gb.zcom + round(s.price * g.commission/100,2), gb.balance = gb.balance + round(s.price - s.price * g.commission/100,2) WHERE gb.gid = gymid AND s.id = sID;
			IF ROW_COUNT() < 1 THEN
				SET transMess = "unable to update gymBilling table";
				ROLLBACK;
			ELSE
				SET transMess = sID; 
			END IF;
		END IF;
	END IF;
ELSE
    SET transMess = "unable to update uBillingAudit table";
    ROLLBACK;
END IF;

SELECT transMess;
COMMIT;


END */;;

/*!50003 SET SESSION SQL_MODE=@OLD_SQL_MODE */;;
# Dump of PROCEDURE deleteEvent
# ------------------------------------------------------------

/*!50003 DROP PROCEDURE IF EXISTS `deleteEvent` */;;
/*!50003 SET SESSION SQL_MODE=""*/;;
/*!50003 CREATE*/ /*!50020 DEFINER=`root`@`localhost`*/ /*!50003 PROCEDURE `deleteEvent`(IN uID int(11), IN sID int(11), OUT transMess VARCHAR(100))
BEGIN


DECLARE EXIT HANDLER FOR SQLEXCEPTION,NOT FOUND,SQLWARNING
BEGIN
  ROLLBACK;
  SELECT transMess;
  
END;

SET transMess = "unable to delete event";
START TRANSACTION;
UPDATE users u INNER JOIN schedule s ON u.id = s.userid SET u.balance = u.balance + s.price WHERE s.id = sID AND s.userid = uID;
IF ROW_COUNT() > 0 THEN
	INSERT INTO eventAudit (gid,com,paid,type,sid) SELECT s.gymid AS gymid,round(s.price * g.commission/100,2) AS com,s.price - round(s.price * g.commission/100,2) AS paid,2 AS type,sID AS sid FROM gyms g INNER JOIN schedule s ON g.id = s.gymid WHERE s.id = sID;
	IF ROW_COUNT() < 1 THEN
		SET transMess = "unable to update audit table";
		ROLLBACK;
	ELSE		
		UPDATE gymBilling gb INNER JOIN schedule s ON gb.gid = s.gymid INNER JOIN gyms g ON g.id = gb.gid SET zcom = gb.zcom - round(s.price * g.commission/100,2), gb.balance = gb.balance - s.price - round(s.price * g.commission/100,2) WHERE gb.gid = s.gymid AND s.id = sID;
		IF ROW_COUNT() < 1 THEN
			SET transMess = "unable to update gymBilling table";
			ROLLBACK;
		ELSE
			DELETE s FROM schedule s INNER JOIN users u ON s.userid = u.id WHERE s.id = sID;
			IF ROW_COUNT() > 0 THEN
				SET transMess = sID;
			ELSE
				SET transMess = "unable to delete from schedule table";
				ROLLBACK;
			END IF;
		END IF;
	END IF;
ELSE
	SET transMess = "unable to update users table";
	ROLLBACK;
END IF;


COMMIT;

SELECT transMess;
END */;;

/*!50003 SET SESSION SQL_MODE=@OLD_SQL_MODE */;;
# Dump of PROCEDURE deleteScheduledClass
# ------------------------------------------------------------

/*!50003 DROP PROCEDURE IF EXISTS `deleteScheduledClass` */;;
/*!50003 SET SESSION SQL_MODE=""*/;;
/*!50003 CREATE*/ /*!50020 DEFINER=`root`@`localhost`*/ /*!50003 PROCEDURE `deleteScheduledClass`(IN scheduledClassId VARCHAR(10), OUT transMess VARCHAR(100))
BEGIN

DECLARE done INT DEFAULT FALSE;
DECLARE sID INT;
DECLARE uID INT;
DECLARE cur1 CURSOR FOR SELECT id,userid FROM schedule WHERE sclassid = scheduledClassId;
DECLARE CONTINUE HANDLER FOR NOT FOUND SET done = TRUE;
DECLARE EXIT HANDLER FOR SQLEXCEPTION,SQLWARNING
BEGIN
  ROLLBACK;
  SELECT transMess;
END;


START TRANSACTION;
SET transMess = "scheduled class delete failed";

OPEN cur1;

read_loop: LOOP
  FETCH cur1 INTO sID, uID;
  IF done THEN
    LEAVE read_loop;
  END IF;	

  CALL deleteEvent(uID,sID,@transMess);

END LOOP;
COMMIT;
SET transMess = "success";
SELECT transMess;
END */;;

/*!50003 SET SESSION SQL_MODE=@OLD_SQL_MODE */;;
# Dump of PROCEDURE processBilling
# ------------------------------------------------------------

/*!50003 DROP PROCEDURE IF EXISTS `processBilling` */;;
/*!50003 SET SESSION SQL_MODE=""*/;;
/*!50003 CREATE*/ /*!50020 DEFINER=`root`@`localhost`*/ /*!50003 PROCEDURE `processBilling`(IN token VARCHAR(100), IN gymid int(11), IN paction int(11), IN amount DECIMAL(10,2))
BEGIN

DECLARE transMess VARCHAR(100);
DECLARE EXIT HANDLER FOR SQLEXCEPTION,NOT FOUND,SQLWARNING
BEGIN
  ROLLBACK;
  SELECT transMess;
  
END;

START TRANSACTION;


SELECT id FROM adminUsers WHERE token = token;
IF FOUND_ROWS() > 0 THEN
	INSERT INTO gBillingAudit (gid,action,amount,timestamp) VALUES (gymid,paction,amount,NOW());
	IF ROW_COUNT() > 0 THEN
		UPDATE gymBilling set balance = balance - amount WHERE gid = gymid;
		IF ROW_COUNT() > 0 THEN
			SET transMess = "success";
		ELSE
			SET transMess = "unable to update gymBilling table";
		END IF;
	ELSE
		SET transMess = "Unable to update gBillingAudit table";
		ROLLBACK;
	END IF;

ELSE
	SET transMess = "invalid token";
	ROLLBACK;
END IF;

COMMIT;
SELECT transMess;

END */;;

/*!50003 SET SESSION SQL_MODE=@OLD_SQL_MODE */;;
# Dump of PROCEDURE refillBalance
# ------------------------------------------------------------

/*!50003 DROP PROCEDURE IF EXISTS `refillBalance` */;;
/*!50003 SET SESSION SQL_MODE=""*/;;
/*!50003 CREATE*/ /*!50020 DEFINER=`root`@`localhost`*/ /*!50003 PROCEDURE `refillBalance`(IN uID INT(11), IN cToken VARCHAR(50))
BEGIN
 
 

DECLARE transMess VARCHAR(100);
DECLARE EXIT HANDLER FOR SQLEXCEPTION,NOT FOUND,SQLWARNING
BEGIN
  ROLLBACK;
  SELECT transMess;  
END;

START TRANSACTION;
SET transMess = "unable to refill balance";
UPDATE users u INNER JOIN balance b ON u.id = b.userid SET u.balance = u.balance + b.refillamount WHERE automatic = 1 AND u.balance < b.minamount AND u.id = uID;
IF ROW_COUNT() > 0 THEN
	INSERT INTO uBillingAudit (uid,action,amount,timestamp,cToken) SELECT u.id,2,b.refillamount,NOW(),cToken FROM users u INNER JOIN balance b ON u.id = b.userid WHERE u.id = uID;
	IF ROW_COUNT() < 1 THEN
		SET transMess = "unable to update uBillingAudit table";
		ROLLBACK;
	ELSE
		SET transMess = uID;
	END IF;
ELSE
	SET transMess = "unable to update users table";
	ROLLBACK;
END IF;


COMMIT;

END */;;

/*!50003 SET SESSION SQL_MODE=@OLD_SQL_MODE */;;
DELIMITER ;

/*!40111 SET SQL_NOTES=@OLD_SQL_NOTES */;
/*!40101 SET SQL_MODE=@OLD_SQL_MODE */;
/*!40014 SET FOREIGN_KEY_CHECKS=@OLD_FOREIGN_KEY_CHECKS */;
/*!40101 SET CHARACTER_SET_CLIENT=@OLD_CHARACTER_SET_CLIENT */;
/*!40101 SET CHARACTER_SET_RESULTS=@OLD_CHARACTER_SET_RESULTS */;
/*!40101 SET COLLATION_CONNECTION=@OLD_COLLATION_CONNECTION */;
